id_funcional,nome_completo,cpf,vencimento_reciclagem,certificacoes,soft_skills,perfil_comportamental,nota_performance,cep_base,escala_atual,ultimo_posto
VIG-10000,Henry Gabriel Moura,085.***.***-71,2025-04-30,"Monitoramento de CFTV, Transporte de Valores","Comunicação Assertiva, Empatia",Possui postura exemplar e uniforme sempre impecável.,8.0,05407-002,12x36 Dia,da Mota S.A. - Unidade 3
VIG-10001,Dr. Davi Dias,712.***.***-70,2026-06-28,Vigilância Patrimonial,"Proatividade, Atenção Concentrada, Discrição, Comunicação Assertiva, Pontualidade Extrema","Focado e observador, antecipa riscos no perímetro.",7.7,02011-000,12x36 Noite,Teixeira e Filhos - Unidade 1
VIG-10002,Pedro Vargas,302.***.***-40,2028-02-28,"Segurança Pessoal (VSPP), Monitoramento de CFTV, Vigilância Patrimonial","Resolução de Conflitos, Pontualidade Extrema",Profissional muito elogiado pelo cliente.,9.2,04794-000,12x36 Noite,Camargo Brito S.A. - Unidade 1
VIG-10003,Giovanna Casa Grande,547.***.***-30,2027-03-19,Grandes Eventos,"Atenção Concentrada, Discrição",Demonstra facilidade em lidar com público diverso.,7.2,01013-001,12x36 Noite,Borges Moreira Ltda. - Unidade 6
VIG-10004,Dr. Juan Melo,386.***.***-91,2028-03-16,Monitoramento de CFTV,"Proatividade, Trabalho sob Pressão",Demonstra facilidade em lidar com público diverso.,8.5,02011-000,12x36 Dia,da Mata - Unidade 7
VIG-10005,Ana Luiza Cunha,904.***.***-00,2025-09-22,Vigilância Patrimonial,"Comunicação Assertiva, Pontualidade Extrema, Discrição, Atenção Concentrada, Inteligência Emocional, Liderança de Equipe","Focado e observador, antecipa riscos no perímetro.",9.3,02011-000,12x36 Dia,Marques da Conceição - EI - Unidade 6
VIG-10006,Caleb Ramos,056.***.***-10,2027-04-27,"Vigilância Patrimonial, Grandes Eventos, Transporte de Valores","Discrição, Empatia, Inteligência Emocional, Pontualidade Extrema",Profissional muito elogiado pelo cliente.,7.7,02011-000,5x2 Comercial,Machado - Unidade 6
VIG-10007,Ravi da Mota,278.***.***-88,2027-10-30,Monitoramento de CFTV,"Inteligência Emocional, Perfil Analítico",Excelente pontualidade e assiduidade.,7.0,01013-001,5x2 Comercial,Costela S/A - Unidade 7
VIG-10008,Stella Rezende,564.***.***-06,2026-04-15,"Segurança Pessoal (VSPP), Grandes Eventos, Transporte de Valores","Atenção Concentrada, Comunicação Assertiva, Resolução de Conflitos, Trabalho sob Pressão","Focado e observador, antecipa riscos no perímetro.",8.6,01310-100,12x36 Dia,Siqueira - Unidade 3
VIG-10009,Emilly Mendonça,761.***.***-52,2027-02-21,"Escolta Armada, Grandes Eventos","Liderança de Equipe, Comunicação Assertiva, Proatividade, Resolução de Conflitos",Demonstra facilidade em lidar com público diverso.,9.8,01202-001,12x36 Dia,das Neves - Unidade 5
VIG-10010,Benicio Gomes,148.***.***-85,2025-04-27,Grandes Eventos,"Comunicação Assertiva, Liderança de Equipe, Proatividade, Pontualidade Extrema, Trabalho sob Pressão",Profissional muito elogiado pelo cliente.,8.4,01202-001,12x36 Dia,Pastor S/A - Unidade 2
VIG-10011,Dra. Manuella Costela,582.***.***-01,2025-12-16,Segurança Pessoal (VSPP),"Liderança de Equipe, Proatividade",Excelente pontualidade e assiduidade.,7.3,01001-000,5x2 Comercial,Novais - EI - Unidade 10
VIG-10012,Gustavo Souza,691.***.***-77,2027-03-18,Segurança Pessoal (VSPP),"Comunicação Assertiva, Inteligência Emocional",Possui postura exemplar e uniforme sempre impecável.,9.7,02011-000,12x36 Dia,Barbosa - Unidade 10
VIG-10013,Luigi Câmara,745.***.***-01,2025-09-01,"Monitoramento de CFTV, Escolta Armada, Segurança Pessoal (VSPP)","Resolução de Conflitos, Perfil Analítico, Comunicação Assertiva, Proatividade",Profissional muito elogiado pelo cliente.,9.7,02011-000,5x2 Comercial,Pacheco - Unidade 1
VIG-10014,Hadassa Barros,356.***.***-12,2025-08-22,"Escolta Armada, Vigilância Patrimonial, Transporte de Valores","Empatia, Liderança de Equipe, Atenção Concentrada",Profissional muito elogiado pelo cliente.,9.8,01202-001,12x36 Noite,Fogaça - Unidade 4
VIG-10015,Rebeca Caldeira,540.***.***-08,2028-02-20,Transporte de Valores,"Perfil Analítico, Atenção Concentrada",Possui postura exemplar e uniforme sempre impecável.,7.5,01001-000,12x36 Dia,Albuquerque - EI - Unidade 7
VIG-10016,Olívia Albuquerque,567.***.***-90,2025-08-02,"Vigilância Patrimonial, Segurança Pessoal (VSPP)","Liderança de Equipe, Resolução de Conflitos, Discrição",Excelente pontualidade e assiduidade.,8.7,05407-002,5x2 Comercial,Azevedo - Unidade 5
VIG-10017,Diego Dias,493.***.***-00,2025-10-18,"Monitoramento de CFTV, Segurança Pessoal (VSPP)","Perfil Analítico, Resolução de Conflitos, Proatividade, Atenção Concentrada, Trabalho sob Pressão",Demonstra facilidade em lidar com público diverso.,7.0,01202-001,12x36 Noite,Casa Grande - Unidade 1
VIG-10018,Mariane Santos,978.***.***-77,2026-08-09,Segurança Pessoal (VSPP),"Resolução de Conflitos, Proatividade",Possui postura exemplar e uniforme sempre impecável.,9.5,08410-000,5x2 Comercial,Albuquerque e Filhos - Unidade 10
VIG-10019,Srta. Antonella Oliveira,652.***.***-30,2026-12-21,"Monitoramento de CFTV, Grandes Eventos","Trabalho sob Pressão, Liderança de Equipe, Atenção Concentrada, Discrição, Inteligência Emocional",Demonstra facilidade em lidar com público diverso.,10.0,04794-000,5x2 Comercial,Campos Ltda. - Unidade 3
VIG-10020,Amanda Rodrigues,724.***.***-07,2025-08-22,"Monitoramento de CFTV, Transporte de Valores, Escolta Armada","Trabalho sob Pressão, Comunicação Assertiva, Proatividade, Inteligência Emocional",Excelente pontualidade e assiduidade.,9.2,01310-100,12x36 Dia,Souza - EI - Unidade 4
VIG-10021,Cauê Porto,384.***.***-05,2026-04-13,"Grandes Eventos, Monitoramento de CFTV","Perfil Analítico, Empatia, Comunicação Assertiva, Trabalho sob Pressão, Atenção Concentrada, Liderança de Equipe",Excelente pontualidade e assiduidade.,7.5,01415-000,12x36 Noite,Guerra Azevedo - ME - Unidade 3
VIG-10022,Lorenzo Pereira,913.***.***-51,2025-08-19,"Escolta Armada, Monitoramento de CFTV","Empatia, Liderança de Equipe",Possui postura exemplar e uniforme sempre impecável.,9.4,04794-000,5x2 Comercial,Pires Ltda. - Unidade 1
VIG-10023,Pedro Novais,946.***.***-24,2025-07-29,"Vigilância Patrimonial, Segurança Pessoal (VSPP)","Perfil Analítico, Pontualidade Extrema, Trabalho sob Pressão, Proatividade",Profissional muito elogiado pelo cliente.,7.9,04801-010,5x2 Comercial,Guerra Ferreira S.A. - Unidade 6
VIG-10024,Dr. Ravi Lucca Nunes,497.***.***-04,2025-11-01,"Transporte de Valores, Grandes Eventos, Monitoramento de CFTV","Empatia, Inteligência Emocional, Perfil Analítico, Atenção Concentrada, Resolução de Conflitos",Profissional muito elogiado pelo cliente.,9.8,01310-100,5x2 Comercial,Casa Grande Ltda. - Unidade 1
VIG-10025,Cauã da Mata,840.***.***-57,2026-08-16,"Escolta Armada, Transporte de Valores, Monitoramento de CFTV","Discrição, Empatia, Liderança de Equipe","Focado e observador, antecipa riscos no perímetro.",7.4,01202-001,12x36 Dia,Campos - Unidade 9
VIG-10026,Luan da Mata,674.***.***-31,2026-06-04,Grandes Eventos,"Proatividade, Discrição",Profissional muito elogiado pelo cliente.,10.0,05407-002,12x36 Dia,Aragão - Unidade 3
VIG-10027,Ágatha Martins,231.***.***-46,2027-06-22,Grandes Eventos,"Liderança de Equipe, Perfil Analítico",Possui postura exemplar e uniforme sempre impecável.,8.6,01310-100,12x36 Dia,Barbosa - Unidade 9
VIG-10028,Dra. Luiza Freitas,510.***.***-02,2025-08-16,Monitoramento de CFTV,"Empatia, Atenção Concentrada, Trabalho sob Pressão, Proatividade, Perfil Analítico",Possui postura exemplar e uniforme sempre impecável.,9.9,01013-001,5x2 Comercial,Castro e Filhos - Unidade 1
VIG-10029,Giovanna Melo,432.***.***-00,2027-08-12,"Transporte de Valores, Vigilância Patrimonial","Pontualidade Extrema, Resolução de Conflitos, Liderança de Equipe",Excelente pontualidade e assiduidade.,7.6,01310-100,5x2 Comercial,Sá S/A - Unidade 2
VIG-10030,Vitor Gabriel Santos,106.***.***-60,2025-05-30,"Segurança Pessoal (VSPP), Monitoramento de CFTV, Grandes Eventos","Proatividade, Liderança de Equipe, Inteligência Emocional, Discrição, Atenção Concentrada, Empatia",Possui postura exemplar e uniforme sempre impecável.,7.3,01202-001,12x36 Dia,Almeida Ltda. - Unidade 7
VIG-10031,Daniela Gonçalves,513.***.***-57,2025-07-07,"Escolta Armada, Vigilância Patrimonial, Transporte de Valores","Pontualidade Extrema, Discrição, Proatividade, Liderança de Equipe, Empatia, Comunicação Assertiva",Possui postura exemplar e uniforme sempre impecável.,8.6,02011-000,12x36 Dia,Alves - Unidade 2
VIG-10032,Vitor Gabriel Mendes,230.***.***-53,2026-03-25,"Transporte de Valores, Vigilância Patrimonial","Proatividade, Empatia",Demonstra facilidade em lidar com público diverso.,9.2,01001-000,12x36 Dia,Fonseca - Unidade 10
VIG-10033,Vitória Silva,986.***.***-87,2026-06-10,"Monitoramento de CFTV, Vigilância Patrimonial, Segurança Pessoal (VSPP)","Perfil Analítico, Empatia, Pontualidade Extrema, Atenção Concentrada",Demonstra facilidade em lidar com público diverso.,7.1,01013-001,12x36 Noite,Sales S.A. - Unidade 10
VIG-10034,Srta. Helena Pires,652.***.***-47,2027-12-04,"Escolta Armada, Monitoramento de CFTV","Atenção Concentrada, Pontualidade Extrema, Trabalho sob Pressão",Excelente pontualidade e assiduidade.,6.5,05407-002,5x2 Comercial,Sampaio - Unidade 4
VIG-10035,Srta. Maitê Moura,257.***.***-00,2028-01-25,Grandes Eventos,"Inteligência Emocional, Resolução de Conflitos, Comunicação Assertiva, Trabalho sob Pressão, Pontualidade Extrema",Demonstra facilidade em lidar com público diverso.,8.6,02011-000,12x36 Noite,Dias - Unidade 1
VIG-10036,Dr. Cauê Viana,234.***.***-10,2026-07-03,"Monitoramento de CFTV, Escolta Armada","Empatia, Comunicação Assertiva, Atenção Concentrada, Trabalho sob Pressão",Excelente pontualidade e assiduidade.,7.4,01310-100,12x36 Dia,Melo - Unidade 6
VIG-10037,Raquel Costa,019.***.***-32,2027-10-20,"Segurança Pessoal (VSPP), Escolta Armada","Liderança de Equipe, Empatia, Proatividade, Pontualidade Extrema, Perfil Analítico",Demonstra facilidade em lidar com público diverso.,7.3,04801-010,12x36 Noite,Cassiano - Unidade 7
VIG-10038,Lorena Porto,962.***.***-55,2026-11-29,"Monitoramento de CFTV, Grandes Eventos, Escolta Armada","Comunicação Assertiva, Empatia, Discrição, Atenção Concentrada, Pontualidade Extrema","Focado e observador, antecipa riscos no perímetro.",9.0,01310-100,12x36 Noite,Siqueira Silveira e Filhos - Unidade 7
VIG-10039,Melissa Pereira,681.***.***-53,2025-05-09,"Grandes Eventos, Vigilância Patrimonial, Monitoramento de CFTV","Resolução de Conflitos, Proatividade, Pontualidade Extrema, Atenção Concentrada, Trabalho sob Pressão, Empatia",Excelente pontualidade e assiduidade.,6.7,04801-010,12x36 Dia,Siqueira - Unidade 10
VIG-10040,Helena Lopes,583.***.***-59,2026-10-14,Escolta Armada,"Perfil Analítico, Liderança de Equipe, Atenção Concentrada, Resolução de Conflitos",Excelente pontualidade e assiduidade.,8.2,02011-000,12x36 Dia,Souza Ltda. - Unidade 8
VIG-10041,Emanuel Ramos,407.***.***-08,2027-06-20,"Segurança Pessoal (VSPP), Transporte de Valores","Inteligência Emocional, Comunicação Assertiva, Resolução de Conflitos, Liderança de Equipe",Profissional muito elogiado pelo cliente.,8.4,01013-001,12x36 Noite,Lima - Unidade 9
VIG-10042,Gael Moraes,380.***.***-51,2026-12-30,Vigilância Patrimonial,"Trabalho sob Pressão, Atenção Concentrada, Empatia, Liderança de Equipe, Perfil Analítico","Focado e observador, antecipa riscos no perímetro.",6.8,01310-100,12x36 Noite,Mendonça Castro S.A. - Unidade 3
VIG-10043,Théo Vieira,658.***.***-94,2027-12-02,"Monitoramento de CFTV, Escolta Armada","Trabalho sob Pressão, Resolução de Conflitos, Atenção Concentrada",Excelente pontualidade e assiduidade.,8.5,01415-000,5x2 Comercial,Sales - Unidade 4
VIG-10044,Maria Laura Rios,021.***.***-42,2027-05-02,"Monitoramento de CFTV, Vigilância Patrimonial","Pontualidade Extrema, Atenção Concentrada, Perfil Analítico, Liderança de Equipe, Discrição",Demonstra facilidade em lidar com público diverso.,8.4,01001-000,12x36 Dia,Araújo Peixoto S.A. - Unidade 4
VIG-10045,Luiz Otávio Moraes,920.***.***-68,2027-07-30,"Transporte de Valores, Segurança Pessoal (VSPP)","Discrição, Comunicação Assertiva, Perfil Analítico, Pontualidade Extrema, Liderança de Equipe",Profissional muito elogiado pelo cliente.,7.4,01415-000,12x36 Dia,Mendonça Nogueira S.A. - Unidade 9
VIG-10046,Dra. Olívia Ramos,175.***.***-43,2026-12-25,"Grandes Eventos, Segurança Pessoal (VSPP), Monitoramento de CFTV","Pontualidade Extrema, Inteligência Emocional, Perfil Analítico, Trabalho sob Pressão, Liderança de Equipe, Proatividade","Focado e observador, antecipa riscos no perímetro.",6.8,04801-010,12x36 Dia,Peixoto S.A. - Unidade 4
VIG-10047,Lorena Vieira,478.***.***-76,2026-11-26,Transporte de Valores,"Empatia, Trabalho sob Pressão",Profissional muito elogiado pelo cliente.,7.4,04801-010,12x36 Noite,Leão - Unidade 7
VIG-10048,Bryan Nascimento,879.***.***-04,2026-07-19,Vigilância Patrimonial,"Comunicação Assertiva, Resolução de Conflitos, Perfil Analítico, Atenção Concentrada",Profissional muito elogiado pelo cliente.,7.3,04794-000,5x2 Comercial,Monteiro - Unidade 10
VIG-10049,Luan Viana,726.***.***-58,2028-01-28,Grandes Eventos,"Proatividade, Comunicação Assertiva, Trabalho sob Pressão, Perfil Analítico, Atenção Concentrada",Profissional muito elogiado pelo cliente.,7.1,01013-001,12x36 Noite,da Costa - Unidade 9
VIG-10050,Beatriz Ferreira,483.***.***-93,2025-04-18,"Escolta Armada, Grandes Eventos","Comunicação Assertiva, Inteligência Emocional",Possui postura exemplar e uniforme sempre impecável.,9.8,04801-010,5x2 Comercial,Santos - Unidade 8
VIG-10051,Mariane da Luz,495.***.***-82,2025-10-15,"Escolta Armada, Grandes Eventos, Monitoramento de CFTV","Liderança de Equipe, Comunicação Assertiva, Pontualidade Extrema, Inteligência Emocional, Resolução de Conflitos","Focado e observador, antecipa riscos no perímetro.",6.5,01415-000,12x36 Noite,Alves Abreu S/A - Unidade 1
VIG-10052,Anthony Gabriel Fonseca,481.***.***-00,2027-12-17,Grandes Eventos,"Proatividade, Comunicação Assertiva, Trabalho sob Pressão",Excelente pontualidade e assiduidade.,8.1,08410-000,5x2 Comercial,Farias - Unidade 1
VIG-10053,Sra. Fernanda Gonçalves,065.***.***-17,2028-03-06,"Vigilância Patrimonial, Segurança Pessoal (VSPP), Monitoramento de CFTV","Resolução de Conflitos, Atenção Concentrada, Liderança de Equipe","Focado e observador, antecipa riscos no perímetro.",7.5,01415-000,12x36 Dia,Garcia - ME - Unidade 8
VIG-10054,Maria Fernanda da Cunha,512.***.***-25,2026-12-16,"Vigilância Patrimonial, Transporte de Valores","Comunicação Assertiva, Pontualidade Extrema, Inteligência Emocional, Trabalho sob Pressão",Possui postura exemplar e uniforme sempre impecável.,8.9,04794-000,12x36 Dia,Jesus S.A. - Unidade 5
VIG-10055,Bella Porto,408.***.***-66,2027-05-29,Escolta Armada,"Discrição, Proatividade, Inteligência Emocional, Empatia, Comunicação Assertiva",Excelente pontualidade e assiduidade.,8.6,01001-000,12x36 Noite,Cavalcanti - Unidade 5
VIG-10056,Arthur Gomes,654.***.***-30,2025-09-03,"Grandes Eventos, Segurança Pessoal (VSPP)","Atenção Concentrada, Comunicação Assertiva",Profissional muito elogiado pelo cliente.,7.2,08410-000,12x36 Noite,Mendonça Pacheco S.A. - Unidade 1
VIG-10057,Ana Sophia Rodrigues,639.***.***-91,2027-11-20,"Vigilância Patrimonial, Transporte de Valores, Escolta Armada","Trabalho sob Pressão, Liderança de Equipe",Profissional muito elogiado pelo cliente.,8.4,08410-000,5x2 Comercial,Pastor S/A - Unidade 4
VIG-10058,Arthur Miguel Mendonça,089.***.***-85,2026-10-09,"Segurança Pessoal (VSPP), Escolta Armada","Comunicação Assertiva, Discrição","Focado e observador, antecipa riscos no perímetro.",6.5,02011-000,5x2 Comercial,Porto e Filhos - Unidade 6
VIG-10059,Daniela Oliveira,865.***.***-62,2025-11-05,"Monitoramento de CFTV, Transporte de Valores, Vigilância Patrimonial","Perfil Analítico, Inteligência Emocional, Resolução de Conflitos, Empatia, Discrição, Pontualidade Extrema",Excelente pontualidade e assiduidade.,7.7,05407-002,12x36 Noite,da Rocha S/A - Unidade 6
VIG-10060,João Miguel Costa,437.***.***-70,2026-08-07,Segurança Pessoal (VSPP),"Perfil Analítico, Liderança de Equipe, Resolução de Conflitos, Trabalho sob Pressão, Atenção Concentrada, Discrição",Profissional muito elogiado pelo cliente.,9.4,01415-000,12x36 Dia,Alves - Unidade 10
VIG-10061,Dr. Luigi Araújo,682.***.***-82,2027-11-06,"Monitoramento de CFTV, Escolta Armada","Empatia, Inteligência Emocional, Proatividade, Trabalho sob Pressão",Profissional muito elogiado pelo cliente.,8.1,01310-100,12x36 Noite,Fogaça - Unidade 5
VIG-10062,Joana Pacheco,527.***.***-80,2025-09-11,Grandes Eventos,"Trabalho sob Pressão, Atenção Concentrada, Resolução de Conflitos","Focado e observador, antecipa riscos no perímetro.",8.9,08410-000,12x36 Dia,Mendes - Unidade 8
VIG-10063,Melina da Mata,096.***.***-99,2026-03-20,"Grandes Eventos, Vigilância Patrimonial, Escolta Armada","Pontualidade Extrema, Atenção Concentrada, Proatividade","Focado e observador, antecipa riscos no perímetro.",8.7,01415-000,5x2 Comercial,Cirino Araújo S/A - Unidade 8
VIG-10064,Aurora Oliveira,628.***.***-30,2027-01-26,"Escolta Armada, Vigilância Patrimonial","Pontualidade Extrema, Liderança de Equipe, Empatia",Possui postura exemplar e uniforme sempre impecável.,8.0,01001-000,12x36 Noite,Câmara - Unidade 10
VIG-10065,Rafael Silveira,720.***.***-03,2026-04-11,"Grandes Eventos, Segurança Pessoal (VSPP), Monitoramento de CFTV","Pontualidade Extrema, Discrição, Inteligência Emocional",Profissional muito elogiado pelo cliente.,8.0,01013-001,5x2 Comercial,Aragão - Unidade 2
VIG-10066,Gustavo Cunha,856.***.***-26,2025-11-29,"Monitoramento de CFTV, Segurança Pessoal (VSPP), Vigilância Patrimonial","Trabalho sob Pressão, Comunicação Assertiva","Focado e observador, antecipa riscos no perímetro.",7.0,04801-010,12x36 Dia,Marques - Unidade 5
VIG-10067,Guilherme Barbosa,368.***.***-42,2028-03-11,"Segurança Pessoal (VSPP), Vigilância Patrimonial","Proatividade, Trabalho sob Pressão, Empatia",Profissional muito elogiado pelo cliente.,9.6,08410-000,12x36 Noite,Borges S/A - Unidade 9
VIG-10068,Sr. Miguel Freitas,029.***.***-30,2027-01-22,"Segurança Pessoal (VSPP), Monitoramento de CFTV","Liderança de Equipe, Inteligência Emocional, Comunicação Assertiva, Resolução de Conflitos",Possui postura exemplar e uniforme sempre impecável.,9.3,04794-000,12x36 Dia,Moraes - Unidade 3
VIG-10069,João Guilherme Monteiro,376.***.***-90,2027-12-26,"Transporte de Valores, Escolta Armada","Empatia, Atenção Concentrada","Focado e observador, antecipa riscos no perímetro.",9.2,01310-100,12x36 Noite,Leão - Unidade 4
VIG-10070,Maria Júlia Martins,071.***.***-21,2025-07-27,"Grandes Eventos, Vigilância Patrimonial","Empatia, Proatividade, Trabalho sob Pressão, Pontualidade Extrema","Focado e observador, antecipa riscos no perímetro.",7.2,01415-000,5x2 Comercial,Fogaça - ME - Unidade 3
VIG-10071,Nina Guerra,075.***.***-80,2025-04-01,"Vigilância Patrimonial, Escolta Armada, Monitoramento de CFTV","Perfil Analítico, Atenção Concentrada, Trabalho sob Pressão, Comunicação Assertiva, Empatia, Pontualidade Extrema",Possui postura exemplar e uniforme sempre impecável.,6.5,04794-000,12x36 Dia,Souza Ltda. - Unidade 7
VIG-10072,Ryan Nascimento,356.***.***-33,2027-12-12,"Grandes Eventos, Segurança Pessoal (VSPP), Transporte de Valores","Comunicação Assertiva, Resolução de Conflitos",Demonstra facilidade em lidar com público diverso.,6.6,08410-000,12x36 Noite,Cunha - Unidade 2
VIG-10073,Nicole Pimenta,125.***.***-64,2025-07-25,Vigilância Patrimonial,"Inteligência Emocional, Atenção Concentrada",Demonstra facilidade em lidar com público diverso.,6.7,01013-001,12x36 Noite,Brito Monteiro e Filhos - Unidade 2
VIG-10074,Sophia Castro,104.***.***-01,2027-08-19,"Transporte de Valores, Segurança Pessoal (VSPP), Grandes Eventos","Atenção Concentrada, Pontualidade Extrema, Discrição, Perfil Analítico, Liderança de Equipe, Empatia",Demonstra facilidade em lidar com público diverso.,8.3,05407-002,5x2 Comercial,da Costa - Unidade 5
VIG-10075,Bárbara Moreira,927.***.***-03,2025-07-02,"Grandes Eventos, Monitoramento de CFTV, Segurança Pessoal (VSPP)","Empatia, Pontualidade Extrema, Trabalho sob Pressão, Atenção Concentrada",Excelente pontualidade e assiduidade.,6.8,05407-002,12x36 Noite,Garcia - EI - Unidade 2
VIG-10076,Sr. Bernardo Novais,725.***.***-82,2026-03-17,Segurança Pessoal (VSPP),"Empatia, Resolução de Conflitos, Proatividade, Inteligência Emocional, Liderança de Equipe",Demonstra facilidade em lidar com público diverso.,8.9,04801-010,12x36 Noite,Vasconcelos - Unidade 1
VIG-10077,Eloá Pastor,329.***.***-80,2028-02-22,"Vigilância Patrimonial, Segurança Pessoal (VSPP)","Atenção Concentrada, Proatividade, Discrição, Empatia, Pontualidade Extrema, Liderança de Equipe",Excelente pontualidade e assiduidade.,8.1,05407-002,12x36 Noite,Pires S.A. - Unidade 5
VIG-10078,Nina da Luz,937.***.***-92,2025-07-22,"Escolta Armada, Transporte de Valores, Monitoramento de CFTV","Atenção Concentrada, Discrição",Possui postura exemplar e uniforme sempre impecável.,9.8,08410-000,12x36 Dia,da Mota da Mota S.A. - Unidade 1
VIG-10079,Luna Freitas,134.***.***-09,2026-04-28,"Segurança Pessoal (VSPP), Grandes Eventos, Vigilância Patrimonial","Resolução de Conflitos, Empatia, Proatividade",Demonstra facilidade em lidar com público diverso.,6.5,01310-100,5x2 Comercial,Cardoso - Unidade 2
VIG-10080,Carlos Eduardo Oliveira,597.***.***-16,2025-11-20,Grandes Eventos,"Atenção Concentrada, Trabalho sob Pressão",Profissional muito elogiado pelo cliente.,6.5,04794-000,5x2 Comercial,Azevedo Souza S/A - Unidade 6
VIG-10081,Milena das Neves,294.***.***-32,2026-03-20,"Escolta Armada, Transporte de Valores","Resolução de Conflitos, Atenção Concentrada, Empatia, Trabalho sob Pressão, Discrição",Possui postura exemplar e uniforme sempre impecável.,8.9,04801-010,5x2 Comercial,Mendes - Unidade 5
VIG-10082,Mirella Caldeira,546.***.***-99,2026-04-14,"Vigilância Patrimonial, Grandes Eventos, Transporte de Valores","Empatia, Proatividade, Discrição, Liderança de Equipe, Inteligência Emocional",Demonstra facilidade em lidar com público diverso.,7.6,01001-000,12x36 Dia,Nogueira - Unidade 10
VIG-10083,Felipe Carvalho,739.***.***-00,2026-11-06,Monitoramento de CFTV,"Resolução de Conflitos, Atenção Concentrada, Inteligência Emocional, Perfil Analítico, Liderança de Equipe, Discrição",Profissional muito elogiado pelo cliente.,7.2,04794-000,12x36 Noite,Mendes - EI - Unidade 1
VIG-10084,Arthur Miguel Nunes,319.***.***-98,2026-12-11,"Segurança Pessoal (VSPP), Grandes Eventos, Vigilância Patrimonial","Empatia, Comunicação Assertiva, Liderança de Equipe, Trabalho sob Pressão, Perfil Analítico",Demonstra facilidade em lidar com público diverso.,8.0,01415-000,5x2 Comercial,Nogueira Teixeira S.A. - Unidade 9
VIG-10085,Luísa Machado,651.***.***-05,2026-07-18,"Escolta Armada, Vigilância Patrimonial, Grandes Eventos","Trabalho sob Pressão, Discrição","Focado e observador, antecipa riscos no perímetro.",7.1,05407-002,12x36 Noite,Guerra - Unidade 10
VIG-10086,Melissa Peixoto,023.***.***-30,2025-07-29,Segurança Pessoal (VSPP),"Resolução de Conflitos, Empatia",Demonstra facilidade em lidar com público diverso.,8.2,04801-010,12x36 Dia,da Mata - Unidade 6
VIG-10087,Amanda Cirino,321.***.***-97,2027-08-09,"Transporte de Valores, Segurança Pessoal (VSPP), Grandes Eventos","Liderança de Equipe, Comunicação Assertiva",Excelente pontualidade e assiduidade.,7.1,04801-010,5x2 Comercial,Dias e Filhos - Unidade 7
VIG-10088,Thales Fogaça,201.***.***-22,2027-12-13,"Vigilância Patrimonial, Escolta Armada, Grandes Eventos","Liderança de Equipe, Proatividade, Trabalho sob Pressão",Excelente pontualidade e assiduidade.,8.1,02011-000,12x36 Dia,Barros Leão S/A - Unidade 4
VIG-10089,Alice Caldeira,802.***.***-60,2025-06-30,"Grandes Eventos, Escolta Armada","Trabalho sob Pressão, Perfil Analítico, Atenção Concentrada","Focado e observador, antecipa riscos no perímetro.",8.8,08410-000,12x36 Noite,Lima - ME - Unidade 6
VIG-10090,Luísa das Neves,309.***.***-88,2027-04-02,"Grandes Eventos, Transporte de Valores, Monitoramento de CFTV","Comunicação Assertiva, Resolução de Conflitos, Liderança de Equipe",Demonstra facilidade em lidar com público diverso.,9.4,04801-010,12x36 Noite,Rezende Borges - EI - Unidade 3
VIG-10091,Dante Cavalcanti,216.***.***-08,2025-07-21,"Monitoramento de CFTV, Vigilância Patrimonial, Segurança Pessoal (VSPP)","Inteligência Emocional, Discrição, Pontualidade Extrema",Possui postura exemplar e uniforme sempre impecável.,7.5,01415-000,5x2 Comercial,Andrade Correia - ME - Unidade 6
VIG-10092,Brayan Teixeira,091.***.***-30,2025-09-12,"Escolta Armada, Segurança Pessoal (VSPP)","Pontualidade Extrema, Discrição, Perfil Analítico, Comunicação Assertiva",Profissional muito elogiado pelo cliente.,6.6,08410-000,12x36 Dia,Abreu - Unidade 9
VIG-10093,Dr. Matheus Rocha,123.***.***-17,2026-01-22,"Escolta Armada, Grandes Eventos, Vigilância Patrimonial","Atenção Concentrada, Proatividade, Resolução de Conflitos, Comunicação Assertiva, Pontualidade Extrema",Possui postura exemplar e uniforme sempre impecável.,8.6,01310-100,12x36 Noite,Sá - ME - Unidade 5
VIG-10094,Maitê da Cunha,273.***.***-87,2025-10-24,"Segurança Pessoal (VSPP), Grandes Eventos","Proatividade, Perfil Analítico",Profissional muito elogiado pelo cliente.,7.0,01202-001,5x2 Comercial,Fogaça - Unidade 1
VIG-10095,Zoe Azevedo,341.***.***-32,2025-07-31,"Transporte de Valores, Escolta Armada","Trabalho sob Pressão, Inteligência Emocional, Proatividade, Pontualidade Extrema",Demonstra facilidade em lidar com público diverso.,8.6,08410-000,12x36 Dia,Correia - ME - Unidade 3
VIG-10096,Antonella da Conceição,134.***.***-03,2025-07-23,Segurança Pessoal (VSPP),"Trabalho sob Pressão, Proatividade, Empatia, Perfil Analítico, Inteligência Emocional",Possui postura exemplar e uniforme sempre impecável.,7.1,01415-000,12x36 Dia,Rocha - EI - Unidade 8
VIG-10097,Otto das Neves,148.***.***-41,2026-08-31,"Transporte de Valores, Monitoramento de CFTV","Atenção Concentrada, Inteligência Emocional, Empatia, Resolução de Conflitos",Possui postura exemplar e uniforme sempre impecável.,8.9,01310-100,12x36 Noite,Câmara - Unidade 4
VIG-10098,Lucas Barbosa,809.***.***-14,2025-11-26,Grandes Eventos,"Pontualidade Extrema, Empatia, Perfil Analítico, Resolução de Conflitos",Demonstra facilidade em lidar com público diverso.,7.7,08410-000,12x36 Noite,Cirino Ltda. - Unidade 10
VIG-10099,Srta. Sarah Dias,795.***.***-93,2027-09-21,Grandes Eventos,"Empatia, Perfil Analítico, Comunicação Assertiva, Resolução de Conflitos",Excelente pontualidade e assiduidade.,8.5,01415-000,12x36 Noite,Farias da Costa S.A. - Unidade 9
VIG-10100,Liz Pires,650.***.***-15,2026-03-13,"Grandes Eventos, Monitoramento de CFTV, Escolta Armada","Discrição, Atenção Concentrada, Resolução de Conflitos, Trabalho sob Pressão, Empatia, Inteligência Emocional",Possui postura exemplar e uniforme sempre impecável.,8.9,01415-000,12x36 Noite,Pastor - Unidade 10
VIG-10101,Srta. Daniela da Mota,071.***.***-00,2026-06-13,"Grandes Eventos, Monitoramento de CFTV, Vigilância Patrimonial","Inteligência Emocional, Empatia, Trabalho sob Pressão, Comunicação Assertiva, Resolução de Conflitos, Discrição",Profissional muito elogiado pelo cliente.,7.0,01202-001,12x36 Dia,Garcia da Mata - EI - Unidade 9
VIG-10102,Vicente Campos,748.***.***-10,2027-08-08,Vigilância Patrimonial,"Empatia, Proatividade","Focado e observador, antecipa riscos no perímetro.",7.7,01202-001,12x36 Noite,Castro S/A - Unidade 8
VIG-10103,Maria Isis Barbosa,458.***.***-11,2027-08-01,Grandes Eventos,"Pontualidade Extrema, Inteligência Emocional",Excelente pontualidade e assiduidade.,7.3,01415-000,12x36 Dia,Fogaça Gomes Ltda. - Unidade 3
VIG-10104,Davi Miguel Fonseca,509.***.***-03,2026-08-08,"Escolta Armada, Grandes Eventos","Trabalho sob Pressão, Comunicação Assertiva, Empatia, Perfil Analítico, Resolução de Conflitos, Proatividade",Demonstra facilidade em lidar com público diverso.,7.0,01202-001,12x36 Dia,Leão - Unidade 4
VIG-10105,Sr. Arthur da Rocha,341.***.***-40,2026-12-04,Vigilância Patrimonial,"Liderança de Equipe, Pontualidade Extrema, Empatia, Resolução de Conflitos, Proatividade, Trabalho sob Pressão","Focado e observador, antecipa riscos no perímetro.",8.2,01013-001,12x36 Dia,Campos - Unidade 9
VIG-10106,João Jesus,346.***.***-09,2026-03-25,"Monitoramento de CFTV, Grandes Eventos","Resolução de Conflitos, Discrição, Liderança de Equipe, Empatia",Possui postura exemplar e uniforme sempre impecável.,9.4,01310-100,12x36 Noite,Casa Grande e Filhos - Unidade 1
VIG-10107,Lavínia Aragão,365.***.***-08,2027-06-15,Transporte de Valores,"Proatividade, Pontualidade Extrema, Liderança de Equipe, Perfil Analítico, Inteligência Emocional",Excelente pontualidade e assiduidade.,9.6,01202-001,5x2 Comercial,Peixoto - Unidade 5
VIG-10108,Fernando da Cruz,913.***.***-75,2026-09-20,Vigilância Patrimonial,"Atenção Concentrada, Trabalho sob Pressão, Discrição, Proatividade, Liderança de Equipe",Profissional muito elogiado pelo cliente.,7.2,04794-000,12x36 Noite,Marques - Unidade 8
VIG-10109,Vitor Hugo Araújo,764.***.***-70,2025-10-26,"Grandes Eventos, Monitoramento de CFTV, Segurança Pessoal (VSPP)","Empatia, Inteligência Emocional, Liderança de Equipe, Discrição, Pontualidade Extrema, Trabalho sob Pressão",Possui postura exemplar e uniforme sempre impecável.,10.0,01310-100,5x2 Comercial,Leão - Unidade 4
VIG-10110,Henrique Fonseca,891.***.***-21,2025-06-24,"Escolta Armada, Grandes Eventos","Pontualidade Extrema, Comunicação Assertiva, Proatividade, Trabalho sob Pressão",Possui postura exemplar e uniforme sempre impecável.,8.2,04801-010,12x36 Dia,Marques - Unidade 3
VIG-10111,Letícia Ribeiro,260.***.***-47,2026-06-20,"Escolta Armada, Transporte de Valores, Segurança Pessoal (VSPP)","Discrição, Perfil Analítico, Liderança de Equipe","Focado e observador, antecipa riscos no perímetro.",7.9,02011-000,12x36 Dia,da Rocha Lima e Filhos - Unidade 2
VIG-10112,Ana Laura Barros,162.***.***-33,2026-07-07,Grandes Eventos,"Perfil Analítico, Comunicação Assertiva, Trabalho sob Pressão, Proatividade",Profissional muito elogiado pelo cliente.,7.2,01202-001,12x36 Noite,Sales e Filhos - Unidade 9
VIG-10113,Luiza Fernandes,250.***.***-80,2025-10-15,"Segurança Pessoal (VSPP), Transporte de Valores, Monitoramento de CFTV","Discrição, Comunicação Assertiva, Atenção Concentrada, Pontualidade Extrema",Profissional muito elogiado pelo cliente.,7.6,01013-001,5x2 Comercial,Borges - Unidade 6
VIG-10114,João Pedro Cunha,512.***.***-76,2026-09-30,"Transporte de Valores, Monitoramento de CFTV, Segurança Pessoal (VSPP)","Pontualidade Extrema, Atenção Concentrada",Possui postura exemplar e uniforme sempre impecável.,8.5,02011-000,12x36 Dia,Melo - Unidade 10
VIG-10115,Sara Cavalcante,237.***.***-88,2027-03-19,"Escolta Armada, Transporte de Valores, Grandes Eventos","Resolução de Conflitos, Empatia, Pontualidade Extrema, Trabalho sob Pressão, Perfil Analítico",Profissional muito elogiado pelo cliente.,9.0,05407-002,12x36 Dia,Moraes S.A. - Unidade 6
VIG-10116,Eduarda Cavalcante,509.***.***-01,2027-10-27,"Segurança Pessoal (VSPP), Grandes Eventos","Comunicação Assertiva, Resolução de Conflitos, Pontualidade Extrema, Discrição, Proatividade","Focado e observador, antecipa riscos no perímetro.",7.3,01001-000,5x2 Comercial,Sá Lopes e Filhos - Unidade 4
VIG-10117,Dra. Fernanda Mendonça,326.***.***-87,2027-06-12,"Grandes Eventos, Escolta Armada","Atenção Concentrada, Inteligência Emocional, Discrição, Comunicação Assertiva, Perfil Analítico, Empatia",Demonstra facilidade em lidar com público diverso.,9.0,01310-100,12x36 Dia,Melo - Unidade 1
VIG-10118,Brayan da Paz,578.***.***-77,2025-09-16,"Monitoramento de CFTV, Transporte de Valores","Inteligência Emocional, Resolução de Conflitos, Pontualidade Extrema, Comunicação Assertiva, Proatividade, Atenção Concentrada",Profissional muito elogiado pelo cliente.,7.1,01001-000,5x2 Comercial,Souza - EI - Unidade 1
VIG-10119,Guilherme Ribeiro,764.***.***-30,2026-04-26,Escolta Armada,"Trabalho sob Pressão, Inteligência Emocional, Atenção Concentrada, Proatividade",Possui postura exemplar e uniforme sempre impecável.,8.6,01013-001,5x2 Comercial,Barros Viana - EI - Unidade 2
VIG-10120,Dr. Caleb Dias,890.***.***-31,2025-11-17,Grandes Eventos,"Atenção Concentrada, Liderança de Equipe, Perfil Analítico, Trabalho sob Pressão, Inteligência Emocional, Resolução de Conflitos",Possui postura exemplar e uniforme sempre impecável.,7.7,01202-001,12x36 Noite,Oliveira - Unidade 10
VIG-10121,Arthur Miguel Albuquerque,058.***.***-75,2026-05-16,"Transporte de Valores, Grandes Eventos, Escolta Armada","Empatia, Liderança de Equipe",Profissional muito elogiado pelo cliente.,8.9,02011-000,12x36 Noite,Dias - Unidade 5
VIG-10122,Dr. Théo Câmara,234.***.***-74,2025-12-30,Monitoramento de CFTV,"Proatividade, Trabalho sob Pressão, Liderança de Equipe",Possui postura exemplar e uniforme sempre impecável.,9.8,04801-010,12x36 Noite,Farias - Unidade 8
VIG-10123,Enzo Gabriel Santos,657.***.***-10,2027-04-28,"Vigilância Patrimonial, Segurança Pessoal (VSPP), Escolta Armada","Comunicação Assertiva, Pontualidade Extrema, Trabalho sob Pressão, Perfil Analítico, Atenção Concentrada",Excelente pontualidade e assiduidade.,8.1,04794-000,12x36 Noite,Brito - Unidade 8
VIG-10124,Luiza Aparecida,132.***.***-64,2025-11-08,"Segurança Pessoal (VSPP), Transporte de Valores","Atenção Concentrada, Perfil Analítico, Discrição, Proatividade, Resolução de Conflitos, Trabalho sob Pressão",Profissional muito elogiado pelo cliente.,8.4,08410-000,12x36 Noite,Lima - Unidade 1
VIG-10125,Caio Barbosa,687.***.***-57,2028-01-25,"Grandes Eventos, Transporte de Valores","Proatividade, Perfil Analítico",Profissional muito elogiado pelo cliente.,6.6,01001-000,12x36 Dia,Aparecida e Filhos - Unidade 4
VIG-10126,Sofia Sousa,169.***.***-52,2026-03-09,"Vigilância Patrimonial, Transporte de Valores, Monitoramento de CFTV","Trabalho sob Pressão, Resolução de Conflitos, Empatia, Comunicação Assertiva, Pontualidade Extrema, Discrição",Demonstra facilidade em lidar com público diverso.,7.3,02011-000,12x36 Dia,Caldeira - Unidade 7
VIG-10127,Felipe Melo,540.***.***-66,2026-12-02,"Transporte de Valores, Grandes Eventos, Vigilância Patrimonial","Inteligência Emocional, Discrição, Liderança de Equipe, Pontualidade Extrema","Focado e observador, antecipa riscos no perímetro.",8.8,01310-100,12x36 Noite,Rios - Unidade 2
VIG-10128,Mateus Cavalcanti,738.***.***-88,2025-03-22,Escolta Armada,"Inteligência Emocional, Comunicação Assertiva, Trabalho sob Pressão",Profissional muito elogiado pelo cliente.,6.6,05407-002,12x36 Dia,da Mata Vasconcelos S/A - Unidade 2
VIG-10129,Giovanna Guerra,937.***.***-43,2025-05-26,"Grandes Eventos, Vigilância Patrimonial, Transporte de Valores","Empatia, Pontualidade Extrema, Trabalho sob Pressão, Inteligência Emocional, Proatividade",Excelente pontualidade e assiduidade.,9.7,01202-001,12x36 Noite,Abreu - Unidade 4
VIG-10130,Sra. Maria Luísa Rodrigues,671.***.***-40,2025-10-09,Transporte de Valores,"Pontualidade Extrema, Discrição, Liderança de Equipe, Atenção Concentrada",Possui postura exemplar e uniforme sempre impecável.,7.5,04801-010,12x36 Dia,Camargo - Unidade 4
VIG-10131,Vitor Gabriel Sousa,730.***.***-53,2026-01-12,Segurança Pessoal (VSPP),"Empatia, Liderança de Equipe",Possui postura exemplar e uniforme sempre impecável.,9.1,05407-002,5x2 Comercial,da Costa - Unidade 6
VIG-10132,Arthur Miguel Pacheco,150.***.***-77,2026-01-15,Segurança Pessoal (VSPP),"Pontualidade Extrema, Proatividade",Excelente pontualidade e assiduidade.,7.4,01001-000,12x36 Noite,Peixoto - Unidade 10
VIG-10133,Yago Gomes,749.***.***-10,2026-06-10,Transporte de Valores,"Proatividade, Comunicação Assertiva, Liderança de Equipe, Perfil Analítico, Inteligência Emocional, Trabalho sob Pressão","Focado e observador, antecipa riscos no perímetro.",8.4,04801-010,5x2 Comercial,Oliveira - Unidade 7
VIG-10134,Agatha Mendonça,210.***.***-41,2026-05-23,Segurança Pessoal (VSPP),"Pontualidade Extrema, Trabalho sob Pressão",Demonstra facilidade em lidar com público diverso.,6.7,04801-010,12x36 Dia,Siqueira - Unidade 9
VIG-10135,Dr. Gabriel Dias,579.***.***-85,2026-12-01,"Grandes Eventos, Transporte de Valores, Monitoramento de CFTV","Comunicação Assertiva, Empatia, Pontualidade Extrema, Resolução de Conflitos, Atenção Concentrada",Profissional muito elogiado pelo cliente.,9.2,04794-000,5x2 Comercial,da Mota Cunha Ltda. - Unidade 4
VIG-10136,Dr. Vinicius Castro,620.***.***-80,2026-07-12,"Grandes Eventos, Transporte de Valores, Monitoramento de CFTV","Atenção Concentrada, Pontualidade Extrema, Perfil Analítico, Inteligência Emocional, Resolução de Conflitos, Comunicação Assertiva",Excelente pontualidade e assiduidade.,7.7,01013-001,12x36 Noite,Melo - EI - Unidade 1
VIG-10137,Marcelo Sales,825.***.***-03,2027-04-25,"Transporte de Valores, Monitoramento de CFTV, Vigilância Patrimonial","Discrição, Inteligência Emocional, Empatia, Liderança de Equipe",Excelente pontualidade e assiduidade.,8.0,05407-002,12x36 Dia,Rezende - Unidade 4
VIG-10138,Sr. Rael Araújo,548.***.***-29,2027-10-04,Grandes Eventos,"Pontualidade Extrema, Perfil Analítico, Atenção Concentrada","Focado e observador, antecipa riscos no perímetro.",9.4,04794-000,12x36 Dia,Pimenta - Unidade 4
VIG-10139,Bianca Correia,187.***.***-94,2026-10-03,Grandes Eventos,"Resolução de Conflitos, Inteligência Emocional, Trabalho sob Pressão, Perfil Analítico, Discrição",Demonstra facilidade em lidar com público diverso.,6.7,04801-010,12x36 Noite,Pereira - Unidade 2
VIG-10140,Melissa Lima,329.***.***-89,2027-03-21,"Grandes Eventos, Segurança Pessoal (VSPP), Vigilância Patrimonial","Discrição, Pontualidade Extrema, Liderança de Equipe, Perfil Analítico, Inteligência Emocional",Demonstra facilidade em lidar com público diverso.,8.0,04801-010,5x2 Comercial,Fernandes - EI - Unidade 9
VIG-10141,Sr. Murilo Ferreira,709.***.***-31,2026-04-28,"Transporte de Valores, Vigilância Patrimonial, Segurança Pessoal (VSPP)","Liderança de Equipe, Pontualidade Extrema",Possui postura exemplar e uniforme sempre impecável.,7.4,04794-000,12x36 Dia,Santos Ribeiro S.A. - Unidade 4
VIG-10142,Pedro Miguel da Luz,291.***.***-22,2025-07-01,"Escolta Armada, Transporte de Valores","Comunicação Assertiva, Pontualidade Extrema, Perfil Analítico, Discrição, Atenção Concentrada, Resolução de Conflitos",Demonstra facilidade em lidar com público diverso.,6.6,01013-001,12x36 Noite,Vasconcelos Santos S.A. - Unidade 6
VIG-10143,Sophie Costela,760.***.***-10,2026-12-13,"Escolta Armada, Vigilância Patrimonial","Trabalho sob Pressão, Liderança de Equipe",Profissional muito elogiado pelo cliente.,7.9,04801-010,12x36 Noite,Freitas - Unidade 3
VIG-10144,Ana Beatriz Farias,457.***.***-62,2025-12-16,Escolta Armada,"Resolução de Conflitos, Perfil Analítico, Pontualidade Extrema",Profissional muito elogiado pelo cliente.,9.7,04794-000,12x36 Noite,Vasconcelos e Filhos - Unidade 3
VIG-10145,Srta. Laís Vasconcelos,249.***.***-98,2028-02-04,Segurança Pessoal (VSPP),"Proatividade, Pontualidade Extrema, Liderança de Equipe, Perfil Analítico","Focado e observador, antecipa riscos no perímetro.",8.8,01001-000,5x2 Comercial,Andrade - Unidade 1
VIG-10146,Thales Gonçalves,790.***.***-66,2026-06-03,"Monitoramento de CFTV, Escolta Armada","Comunicação Assertiva, Trabalho sob Pressão, Atenção Concentrada, Proatividade, Empatia, Inteligência Emocional",Profissional muito elogiado pelo cliente.,7.5,01001-000,5x2 Comercial,Santos Montenegro e Filhos - Unidade 3
VIG-10147,Lucca Borges,196.***.***-82,2026-11-10,"Segurança Pessoal (VSPP), Transporte de Valores, Grandes Eventos","Atenção Concentrada, Proatividade, Resolução de Conflitos, Comunicação Assertiva, Trabalho sob Pressão",Possui postura exemplar e uniforme sempre impecável.,9.7,05407-002,12x36 Dia,Ribeiro Souza S/A - Unidade 8
VIG-10148,Joana Pereira,931.***.***-52,2027-09-20,Escolta Armada,"Proatividade, Atenção Concentrada, Comunicação Assertiva, Inteligência Emocional, Pontualidade Extrema, Resolução de Conflitos",Possui postura exemplar e uniforme sempre impecável.,8.0,01013-001,12x36 Noite,da Cunha Almeida - EI - Unidade 7
VIG-10149,Srta. Emanuella Lima,198.***.***-21,2025-11-06,"Vigilância Patrimonial, Segurança Pessoal (VSPP), Transporte de Valores","Liderança de Equipe, Pontualidade Extrema, Perfil Analítico",Excelente pontualidade e assiduidade.,8.9,08410-000,5x2 Comercial,Camargo - Unidade 1
VIG-10150,Marcelo Moura,921.***.***-03,2025-03-21,Transporte de Valores,"Liderança de Equipe, Proatividade, Resolução de Conflitos, Atenção Concentrada, Comunicação Assertiva",Demonstra facilidade em lidar com público diverso.,8.5,04801-010,5x2 Comercial,Campos S/A - Unidade 10
VIG-10151,Kamilly Rezende,568.***.***-65,2025-10-01,"Transporte de Valores, Escolta Armada, Vigilância Patrimonial","Discrição, Empatia",Demonstra facilidade em lidar com público diverso.,7.5,02011-000,12x36 Dia,Viana - Unidade 3
VIG-10152,Maria Luísa Aparecida,346.***.***-00,2026-05-15,"Escolta Armada, Vigilância Patrimonial, Grandes Eventos","Atenção Concentrada, Comunicação Assertiva, Discrição, Liderança de Equipe, Inteligência Emocional, Proatividade",Possui postura exemplar e uniforme sempre impecável.,9.0,01001-000,12x36 Noite,Rezende - EI - Unidade 8
VIG-10153,Guilherme Pires,429.***.***-65,2026-12-23,"Monitoramento de CFTV, Grandes Eventos","Resolução de Conflitos, Trabalho sob Pressão, Proatividade, Inteligência Emocional, Pontualidade Extrema",Excelente pontualidade e assiduidade.,7.4,04801-010,12x36 Dia,da Rosa Correia - ME - Unidade 6
VIG-10154,Murilo Aragão,517.***.***-52,2025-07-18,Segurança Pessoal (VSPP),"Pontualidade Extrema, Proatividade, Atenção Concentrada, Empatia",Demonstra facilidade em lidar com público diverso.,9.0,04801-010,12x36 Dia,Pereira - Unidade 5
VIG-10155,Maria Julia Moreira,049.***.***-70,2027-12-14,"Monitoramento de CFTV, Vigilância Patrimonial","Proatividade, Resolução de Conflitos, Empatia, Inteligência Emocional",Excelente pontualidade e assiduidade.,9.9,01310-100,5x2 Comercial,da Paz - Unidade 1
VIG-10156,Nathan Aparecida,079.***.***-69,2025-04-10,"Transporte de Valores, Grandes Eventos","Empatia, Discrição, Trabalho sob Pressão, Comunicação Assertiva, Resolução de Conflitos",Demonstra facilidade em lidar com público diverso.,8.5,01202-001,12x36 Noite,Dias Castro e Filhos - Unidade 1
VIG-10157,Rael Rodrigues,810.***.***-77,2027-05-11,Transporte de Valores,"Pontualidade Extrema, Liderança de Equipe, Atenção Concentrada, Trabalho sob Pressão, Comunicação Assertiva",Demonstra facilidade em lidar com público diverso.,7.9,05407-002,12x36 Dia,da Rosa Silva - ME - Unidade 8
VIG-10158,Luiz Fernando da Luz,196.***.***-02,2026-02-27,"Grandes Eventos, Transporte de Valores","Proatividade, Empatia, Resolução de Conflitos",Excelente pontualidade e assiduidade.,8.4,01415-000,12x36 Dia,Farias - EI - Unidade 10
VIG-10159,Dra. Emanuelly Porto,825.***.***-80,2026-11-15,Transporte de Valores,"Inteligência Emocional, Perfil Analítico, Atenção Concentrada",Demonstra facilidade em lidar com público diverso.,8.9,01013-001,5x2 Comercial,Vargas e Filhos - Unidade 1
VIG-10160,Henry Gabriel Siqueira,329.***.***-40,2025-08-22,"Transporte de Valores, Segurança Pessoal (VSPP)","Discrição, Proatividade, Empatia, Resolução de Conflitos, Comunicação Assertiva","Focado e observador, antecipa riscos no perímetro.",7.0,01013-001,12x36 Dia,Leão - Unidade 2
VIG-10161,Luiz Felipe Pires,416.***.***-15,2027-08-20,"Grandes Eventos, Transporte de Valores","Proatividade, Perfil Analítico, Comunicação Assertiva, Resolução de Conflitos",Demonstra facilidade em lidar com público diverso.,7.5,08410-000,5x2 Comercial,Carvalho S/A - Unidade 5
VIG-10162,Dra. Anna Liz Castro,712.***.***-61,2025-04-17,Segurança Pessoal (VSPP),"Resolução de Conflitos, Trabalho sob Pressão, Empatia, Perfil Analítico",Demonstra facilidade em lidar com público diverso.,7.1,05407-002,5x2 Comercial,Camargo - Unidade 6
VIG-10163,Jade Souza,576.***.***-77,2026-11-05,"Grandes Eventos, Vigilância Patrimonial","Resolução de Conflitos, Perfil Analítico, Empatia",Excelente pontualidade e assiduidade.,8.1,02011-000,12x36 Dia,Sales Costela S.A. - Unidade 5
VIG-10164,Emilly Moraes,028.***.***-01,2025-04-02,"Vigilância Patrimonial, Escolta Armada, Segurança Pessoal (VSPP)","Comunicação Assertiva, Discrição, Perfil Analítico, Inteligência Emocional, Liderança de Equipe, Proatividade",Demonstra facilidade em lidar com público diverso.,8.6,08410-000,12x36 Noite,Sales - Unidade 8
VIG-10165,Thomas Câmara,126.***.***-07,2025-07-03,Monitoramento de CFTV,"Proatividade, Empatia, Trabalho sob Pressão","Focado e observador, antecipa riscos no perímetro.",10.0,01001-000,12x36 Noite,Mendes - Unidade 1
VIG-10166,Sofia Pimenta,742.***.***-16,2026-06-23,"Monitoramento de CFTV, Grandes Eventos, Escolta Armada","Discrição, Liderança de Equipe, Proatividade","Focado e observador, antecipa riscos no perímetro.",9.3,01310-100,12x36 Dia,das Neves Ltda. - Unidade 10
VIG-10167,Gabriela Fonseca,318.***.***-53,2027-01-28,"Vigilância Patrimonial, Monitoramento de CFTV","Comunicação Assertiva, Atenção Concentrada, Empatia, Trabalho sob Pressão, Pontualidade Extrema, Proatividade",Demonstra facilidade em lidar com público diverso.,9.1,02011-000,5x2 Comercial,Rodrigues - Unidade 2
VIG-10168,João Lucas Viana,217.***.***-07,2028-01-03,Escolta Armada,"Inteligência Emocional, Perfil Analítico, Trabalho sob Pressão, Pontualidade Extrema","Focado e observador, antecipa riscos no perímetro.",8.5,01001-000,12x36 Dia,Brito - Unidade 6
VIG-10169,Isabela da Mota,260.***.***-43,2026-10-25,Monitoramento de CFTV,"Inteligência Emocional, Atenção Concentrada, Pontualidade Extrema, Comunicação Assertiva, Discrição",Profissional muito elogiado pelo cliente.,7.6,04801-010,5x2 Comercial,Oliveira - Unidade 7
VIG-10170,Vitor Dias,487.***.***-17,2026-12-14,"Segurança Pessoal (VSPP), Transporte de Valores, Grandes Eventos","Liderança de Equipe, Pontualidade Extrema",Possui postura exemplar e uniforme sempre impecável.,9.1,04801-010,12x36 Dia,da Paz - Unidade 2
VIG-10171,Ian da Cunha,268.***.***-60,2026-06-18,Vigilância Patrimonial,"Trabalho sob Pressão, Pontualidade Extrema, Comunicação Assertiva, Atenção Concentrada, Discrição",Possui postura exemplar e uniforme sempre impecável.,8.7,01013-001,12x36 Noite,Rezende - Unidade 9
VIG-10172,Thiago Nunes,426.***.***-30,2027-08-14,Transporte de Valores,"Inteligência Emocional, Liderança de Equipe",Profissional muito elogiado pelo cliente.,6.8,02011-000,12x36 Dia,Pereira - Unidade 10
VIG-10173,Sr. Luiz Otávio Caldeira,367.***.***-20,2026-08-26,"Vigilância Patrimonial, Grandes Eventos","Discrição, Pontualidade Extrema, Perfil Analítico, Inteligência Emocional","Focado e observador, antecipa riscos no perímetro.",8.3,01001-000,12x36 Dia,Guerra Leão Ltda. - Unidade 4
VIG-10174,Sr. Matteo Sales,105.***.***-80,2026-10-01,"Vigilância Patrimonial, Transporte de Valores, Segurança Pessoal (VSPP)","Empatia, Atenção Concentrada",Possui postura exemplar e uniforme sempre impecável.,7.3,04794-000,12x36 Dia,Peixoto - Unidade 7
VIG-10175,Sr. Thiago Nascimento,748.***.***-96,2026-02-11,"Transporte de Valores, Segurança Pessoal (VSPP)","Inteligência Emocional, Discrição, Pontualidade Extrema, Proatividade, Empatia, Resolução de Conflitos",Demonstra facilidade em lidar com público diverso.,9.2,04801-010,12x36 Noite,da Mota Albuquerque e Filhos - Unidade 6
VIG-10176,Milena Moraes,631.***.***-00,2026-09-09,"Escolta Armada, Segurança Pessoal (VSPP), Vigilância Patrimonial","Liderança de Equipe, Perfil Analítico, Resolução de Conflitos",Excelente pontualidade e assiduidade.,7.2,01415-000,12x36 Dia,Brito Azevedo Ltda. - Unidade 1
VIG-10177,Esther Caldeira,420.***.***-06,2026-01-25,"Vigilância Patrimonial, Monitoramento de CFTV","Liderança de Equipe, Trabalho sob Pressão, Empatia, Resolução de Conflitos, Inteligência Emocional",Demonstra facilidade em lidar com público diverso.,6.6,04794-000,12x36 Dia,Jesus - Unidade 5
VIG-10178,Ana Vitória Azevedo,649.***.***-16,2028-03-15,"Grandes Eventos, Vigilância Patrimonial","Inteligência Emocional, Pontualidade Extrema",Excelente pontualidade e assiduidade.,9.2,01013-001,12x36 Dia,Silva - ME - Unidade 10
VIG-10179,Ísis Fernandes,596.***.***-20,2027-11-10,"Transporte de Valores, Monitoramento de CFTV, Segurança Pessoal (VSPP)","Empatia, Proatividade, Pontualidade Extrema",Excelente pontualidade e assiduidade.,6.9,01415-000,12x36 Noite,Teixeira Santos S.A. - Unidade 2
VIG-10180,Bruna das Neves,109.***.***-01,2027-02-08,"Monitoramento de CFTV, Grandes Eventos","Perfil Analítico, Inteligência Emocional, Atenção Concentrada, Empatia, Proatividade","Focado e observador, antecipa riscos no perímetro.",9.4,08410-000,5x2 Comercial,Barros - Unidade 6
VIG-10181,Daniel da Conceição,896.***.***-30,2025-06-16,Grandes Eventos,"Comunicação Assertiva, Perfil Analítico, Resolução de Conflitos, Discrição, Inteligência Emocional",Excelente pontualidade e assiduidade.,9.8,01415-000,12x36 Noite,Correia S.A. - Unidade 6
VIG-10182,Joaquim Farias,948.***.***-89,2027-06-27,"Vigilância Patrimonial, Grandes Eventos, Segurança Pessoal (VSPP)","Proatividade, Liderança de Equipe, Resolução de Conflitos, Perfil Analítico, Empatia, Pontualidade Extrema",Possui postura exemplar e uniforme sempre impecável.,9.3,01001-000,12x36 Noite,Pereira - Unidade 7
VIG-10183,Lavínia Dias,134.***.***-07,2027-01-27,Vigilância Patrimonial,"Liderança de Equipe, Resolução de Conflitos","Focado e observador, antecipa riscos no perímetro.",8.7,05407-002,5x2 Comercial,Pinto - Unidade 7
VIG-10184,Lucas Gabriel Câmara,682.***.***-58,2026-11-21,"Monitoramento de CFTV, Transporte de Valores, Segurança Pessoal (VSPP)","Comunicação Assertiva, Atenção Concentrada, Empatia, Proatividade, Pontualidade Extrema, Liderança de Equipe",Profissional muito elogiado pelo cliente.,7.0,02011-000,12x36 Dia,Rios S.A. - Unidade 3
VIG-10185,Amanda Carvalho,487.***.***-14,2025-06-18,"Segurança Pessoal (VSPP), Transporte de Valores, Grandes Eventos","Proatividade, Liderança de Equipe",Excelente pontualidade e assiduidade.,7.4,04801-010,12x36 Noite,Rodrigues Pimenta S/A - Unidade 5
VIG-10186,Dr. João Felipe Novaes,846.***.***-31,2026-09-20,"Segurança Pessoal (VSPP), Vigilância Patrimonial, Escolta Armada","Proatividade, Atenção Concentrada, Pontualidade Extrema, Trabalho sob Pressão",Excelente pontualidade e assiduidade.,7.1,05407-002,12x36 Noite,Almeida Correia S/A - Unidade 1
VIG-10187,Luiz Henrique Novais,603.***.***-42,2025-10-14,"Vigilância Patrimonial, Monitoramento de CFTV","Resolução de Conflitos, Inteligência Emocional","Focado e observador, antecipa riscos no perímetro.",7.6,02011-000,5x2 Comercial,Pacheco Peixoto S/A - Unidade 4
VIG-10188,Enzo Gabriel Aparecida,658.***.***-60,2027-08-26,Monitoramento de CFTV,"Empatia, Trabalho sob Pressão, Pontualidade Extrema",Excelente pontualidade e assiduidade.,7.8,01202-001,12x36 Noite,Porto - Unidade 2
VIG-10189,Cecilia Alves,054.***.***-99,2025-11-15,"Segurança Pessoal (VSPP), Grandes Eventos","Comunicação Assertiva, Pontualidade Extrema, Proatividade, Liderança de Equipe, Inteligência Emocional",Excelente pontualidade e assiduidade.,9.8,01001-000,12x36 Dia,Pires Aragão - ME - Unidade 3
VIG-10190,Rael Brito,369.***.***-00,2027-09-13,"Monitoramento de CFTV, Vigilância Patrimonial","Trabalho sob Pressão, Proatividade, Liderança de Equipe",Demonstra facilidade em lidar com público diverso.,6.9,01001-000,12x36 Dia,Castro - Unidade 5
VIG-10191,Dra. Manuella Caldeira,309.***.***-98,2025-05-10,"Vigilância Patrimonial, Escolta Armada, Segurança Pessoal (VSPP)","Liderança de Equipe, Comunicação Assertiva, Trabalho sob Pressão, Atenção Concentrada",Excelente pontualidade e assiduidade.,7.9,01013-001,5x2 Comercial,Souza Moreira S.A. - Unidade 6
VIG-10192,Ravi Lucca Fogaça,390.***.***-78,2025-05-11,Transporte de Valores,"Discrição, Comunicação Assertiva",Demonstra facilidade em lidar com público diverso.,9.1,02011-000,5x2 Comercial,Ribeiro - Unidade 10
VIG-10193,Ana Carolina Rios,436.***.***-99,2025-06-06,"Escolta Armada, Monitoramento de CFTV, Vigilância Patrimonial","Resolução de Conflitos, Empatia, Discrição",Demonstra facilidade em lidar com público diverso.,8.8,01310-100,5x2 Comercial,Cavalcante Duarte S.A. - Unidade 3
VIG-10194,Aurora Dias,740.***.***-23,2025-09-23,"Escolta Armada, Segurança Pessoal (VSPP)","Resolução de Conflitos, Empatia","Focado e observador, antecipa riscos no perímetro.",9.9,08410-000,12x36 Noite,Nascimento - Unidade 1
VIG-10195,Miguel Duarte,798.***.***-77,2026-05-22,Monitoramento de CFTV,"Pontualidade Extrema, Empatia","Focado e observador, antecipa riscos no perímetro.",8.5,02011-000,12x36 Dia,da Conceição - Unidade 8
VIG-10196,Sra. Catarina Melo,869.***.***-20,2026-10-08,Vigilância Patrimonial,"Resolução de Conflitos, Empatia, Perfil Analítico, Comunicação Assertiva",Demonstra facilidade em lidar com público diverso.,9.3,01013-001,12x36 Dia,Pacheco Viana Ltda. - Unidade 7
VIG-10197,Alícia Sousa,401.***.***-20,2026-05-27,"Segurança Pessoal (VSPP), Transporte de Valores, Vigilância Patrimonial","Comunicação Assertiva, Discrição, Proatividade, Perfil Analítico, Atenção Concentrada, Empatia",Excelente pontualidade e assiduidade.,9.4,01310-100,5x2 Comercial,Melo - Unidade 7
VIG-10198,Liam Sampaio,356.***.***-90,2025-04-04,"Grandes Eventos, Segurança Pessoal (VSPP), Monitoramento de CFTV","Proatividade, Resolução de Conflitos, Discrição, Atenção Concentrada, Empatia",Possui postura exemplar e uniforme sempre impecável.,8.7,02011-000,12x36 Noite,Silva Nunes e Filhos - Unidade 2
VIG-10199,Daniela Fonseca,712.***.***-13,2027-05-20,Grandes Eventos,"Resolução de Conflitos, Trabalho sob Pressão, Atenção Concentrada, Comunicação Assertiva, Empatia",Profissional muito elogiado pelo cliente.,9.5,01202-001,12x36 Noite,Jesus S.A. - Unidade 2
VIG-10200,Mirella Correia,042.***.***-60,2025-04-22,"Escolta Armada, Grandes Eventos","Pontualidade Extrema, Resolução de Conflitos, Proatividade, Liderança de Equipe, Comunicação Assertiva, Discrição",Possui postura exemplar e uniforme sempre impecável.,8.9,08410-000,12x36 Noite,Viana Correia S/A - Unidade 6
VIG-10201,Agatha Nascimento,637.***.***-62,2027-04-09,Transporte de Valores,"Perfil Analítico, Empatia, Trabalho sob Pressão, Discrição, Pontualidade Extrema","Focado e observador, antecipa riscos no perímetro.",7.3,01310-100,12x36 Noite,Sampaio - Unidade 6
VIG-10202,Davi Rodrigues,943.***.***-05,2027-10-16,Vigilância Patrimonial,"Proatividade, Atenção Concentrada, Discrição, Liderança de Equipe",Possui postura exemplar e uniforme sempre impecável.,8.3,02011-000,12x36 Noite,Aparecida Machado e Filhos - Unidade 7
VIG-10203,Murilo Rios,174.***.***-96,2027-04-11,"Segurança Pessoal (VSPP), Monitoramento de CFTV, Grandes Eventos","Perfil Analítico, Liderança de Equipe, Comunicação Assertiva, Discrição, Trabalho sob Pressão",Possui postura exemplar e uniforme sempre impecável.,8.5,08410-000,12x36 Noite,Pastor - ME - Unidade 6
VIG-10204,Maria Helena Viana,621.***.***-06,2027-12-01,Transporte de Valores,"Discrição, Liderança de Equipe, Empatia, Perfil Analítico, Inteligência Emocional, Proatividade",Excelente pontualidade e assiduidade.,6.7,01013-001,5x2 Comercial,Azevedo - Unidade 1
VIG-10205,Lucca Sales,350.***.***-51,2026-11-06,"Grandes Eventos, Escolta Armada","Discrição, Comunicação Assertiva, Liderança de Equipe, Perfil Analítico, Proatividade",Profissional muito elogiado pelo cliente.,8.5,02011-000,5x2 Comercial,Ferreira - EI - Unidade 10
VIG-10206,Maria Clara Câmara,192.***.***-11,2026-09-18,Segurança Pessoal (VSPP),"Inteligência Emocional, Comunicação Assertiva, Atenção Concentrada, Pontualidade Extrema, Liderança de Equipe, Proatividade",Demonstra facilidade em lidar com público diverso.,9.1,01415-000,12x36 Noite,Pereira - ME - Unidade 8
VIG-10207,Sra. Manuela Macedo,961.***.***-24,2026-08-09,Monitoramento de CFTV,"Atenção Concentrada, Discrição, Inteligência Emocional, Perfil Analítico",Profissional muito elogiado pelo cliente.,7.4,08410-000,12x36 Dia,Sá - Unidade 6
VIG-10208,Isadora Nascimento,981.***.***-50,2026-08-12,"Transporte de Valores, Monitoramento de CFTV, Vigilância Patrimonial","Perfil Analítico, Liderança de Equipe, Atenção Concentrada",Demonstra facilidade em lidar com público diverso.,7.9,01310-100,5x2 Comercial,Araújo Cavalcanti S.A. - Unidade 5
VIG-10209,Maria Isis Guerra,798.***.***-12,2026-01-02,Escolta Armada,"Discrição, Atenção Concentrada, Pontualidade Extrema, Perfil Analítico, Inteligência Emocional, Liderança de Equipe",Possui postura exemplar e uniforme sempre impecável.,9.4,02011-000,5x2 Comercial,Guerra Ltda. - Unidade 6
VIG-10210,Sr. Thiago Cavalcante,571.***.***-50,2026-03-12,"Vigilância Patrimonial, Monitoramento de CFTV, Grandes Eventos","Proatividade, Liderança de Equipe, Resolução de Conflitos, Trabalho sob Pressão",Possui postura exemplar e uniforme sempre impecável.,9.9,05407-002,5x2 Comercial,Pastor - Unidade 7
VIG-10211,José Miguel Rodrigues,605.***.***-17,2026-01-06,"Transporte de Valores, Grandes Eventos, Segurança Pessoal (VSPP)","Inteligência Emocional, Trabalho sob Pressão, Proatividade, Liderança de Equipe, Comunicação Assertiva, Pontualidade Extrema",Demonstra facilidade em lidar com público diverso.,8.2,01013-001,12x36 Dia,Cirino - Unidade 1
VIG-10212,Mariah Freitas,352.***.***-59,2027-10-26,"Monitoramento de CFTV, Vigilância Patrimonial","Perfil Analítico, Empatia, Inteligência Emocional, Resolução de Conflitos, Atenção Concentrada, Pontualidade Extrema",Excelente pontualidade e assiduidade.,9.7,08410-000,5x2 Comercial,Sampaio - EI - Unidade 4
VIG-10213,Rodrigo Viana,638.***.***-87,2025-06-25,"Grandes Eventos, Segurança Pessoal (VSPP), Transporte de Valores","Pontualidade Extrema, Inteligência Emocional, Liderança de Equipe, Resolução de Conflitos, Comunicação Assertiva",Demonstra facilidade em lidar com público diverso.,8.9,01415-000,12x36 Noite,Monteiro S/A - Unidade 1
VIG-10214,Maria Eduarda Barros,386.***.***-73,2025-12-21,"Escolta Armada, Vigilância Patrimonial","Atenção Concentrada, Resolução de Conflitos","Focado e observador, antecipa riscos no perímetro.",8.0,04794-000,5x2 Comercial,Moraes e Filhos - Unidade 9
VIG-10215,Paulo da Paz,457.***.***-61,2027-01-07,"Monitoramento de CFTV, Segurança Pessoal (VSPP)","Proatividade, Empatia",Excelente pontualidade e assiduidade.,8.5,04801-010,5x2 Comercial,Moreira - Unidade 3
VIG-10216,Sr. Kevin Mendes,859.***.***-94,2027-02-08,"Monitoramento de CFTV, Escolta Armada","Atenção Concentrada, Perfil Analítico, Empatia, Proatividade","Focado e observador, antecipa riscos no perímetro.",8.1,04794-000,12x36 Noite,Sampaio Ltda. - Unidade 6
VIG-10217,Sr. Lucca da Cunha,456.***.***-64,2025-11-29,Segurança Pessoal (VSPP),"Liderança de Equipe, Empatia, Inteligência Emocional",Profissional muito elogiado pelo cliente.,8.5,01310-100,5x2 Comercial,Garcia - ME - Unidade 10
VIG-10218,Carolina Lima,473.***.***-96,2027-11-30,"Grandes Eventos, Escolta Armada","Empatia, Discrição, Inteligência Emocional, Perfil Analítico, Liderança de Equipe",Profissional muito elogiado pelo cliente.,7.6,04794-000,5x2 Comercial,Moraes - EI - Unidade 4
VIG-10219,Oliver Marques,218.***.***-79,2027-04-24,"Grandes Eventos, Transporte de Valores, Segurança Pessoal (VSPP)","Trabalho sob Pressão, Comunicação Assertiva",Demonstra facilidade em lidar com público diverso.,9.4,01001-000,5x2 Comercial,Machado Ltda. - Unidade 1
VIG-10220,Dante Silva,984.***.***-69,2027-09-22,"Vigilância Patrimonial, Monitoramento de CFTV","Comunicação Assertiva, Empatia",Profissional muito elogiado pelo cliente.,6.8,04794-000,12x36 Dia,Cavalcanti - Unidade 4
VIG-10221,Anna Liz Silva,420.***.***-53,2025-06-22,"Vigilância Patrimonial, Grandes Eventos","Trabalho sob Pressão, Resolução de Conflitos, Comunicação Assertiva",Profissional muito elogiado pelo cliente.,8.7,01013-001,12x36 Dia,da Rosa S.A. - Unidade 4
VIG-10222,Benicio Jesus,259.***.***-23,2025-03-31,"Vigilância Patrimonial, Escolta Armada, Grandes Eventos","Comunicação Assertiva, Pontualidade Extrema",Excelente pontualidade e assiduidade.,6.6,02011-000,5x2 Comercial,Peixoto - Unidade 9
VIG-10223,Gustavo Henrique Guerra,349.***.***-50,2026-07-17,"Segurança Pessoal (VSPP), Monitoramento de CFTV","Perfil Analítico, Proatividade, Discrição, Empatia, Liderança de Equipe",Profissional muito elogiado pelo cliente.,8.1,02011-000,5x2 Comercial,Nascimento - Unidade 8
VIG-10224,Maria Alice Novaes,269.***.***-55,2026-03-12,"Escolta Armada, Grandes Eventos","Empatia, Resolução de Conflitos",Possui postura exemplar e uniforme sempre impecável.,8.0,04801-010,12x36 Noite,Souza Cirino - ME - Unidade 5
VIG-10225,Ana Lívia Dias,418.***.***-37,2026-03-08,Monitoramento de CFTV,"Empatia, Pontualidade Extrema, Inteligência Emocional, Discrição",Profissional muito elogiado pelo cliente.,7.1,01415-000,12x36 Dia,Silveira da Conceição e Filhos - Unidade 9
VIG-10226,Vinicius Almeida,730.***.***-52,2025-06-03,"Escolta Armada, Transporte de Valores","Inteligência Emocional, Proatividade, Pontualidade Extrema, Trabalho sob Pressão, Discrição",Demonstra facilidade em lidar com público diverso.,6.6,08410-000,5x2 Comercial,Garcia - Unidade 8
VIG-10227,Daniela Moreira,352.***.***-80,2026-05-16,Vigilância Patrimonial,"Comunicação Assertiva, Perfil Analítico",Demonstra facilidade em lidar com público diverso.,8.2,01013-001,5x2 Comercial,Sá Ltda. - Unidade 6
VIG-10228,Luiz Henrique Rezende,890.***.***-30,2026-07-14,Segurança Pessoal (VSPP),"Atenção Concentrada, Resolução de Conflitos",Excelente pontualidade e assiduidade.,8.8,01013-001,5x2 Comercial,Marques Pinto - ME - Unidade 1
VIG-10229,Kaique Mendes,283.***.***-24,2026-12-03,"Grandes Eventos, Escolta Armada","Perfil Analítico, Liderança de Equipe, Trabalho sob Pressão, Atenção Concentrada","Focado e observador, antecipa riscos no perímetro.",6.8,02011-000,12x36 Noite,Borges - Unidade 10
VIG-10230,Cecilia Câmara,850.***.***-39,2026-06-02,Segurança Pessoal (VSPP),"Liderança de Equipe, Pontualidade Extrema, Comunicação Assertiva",Demonstra facilidade em lidar com público diverso.,9.9,01001-000,12x36 Noite,Caldeira - Unidade 8
VIG-10231,Olivia Garcia,598.***.***-09,2027-02-23,"Transporte de Valores, Monitoramento de CFTV, Escolta Armada","Atenção Concentrada, Comunicação Assertiva, Resolução de Conflitos, Perfil Analítico",Profissional muito elogiado pelo cliente.,6.5,01013-001,12x36 Noite,Azevedo - EI - Unidade 8
VIG-10232,Gabriela Aragão,593.***.***-68,2025-11-26,"Monitoramento de CFTV, Vigilância Patrimonial, Transporte de Valores","Atenção Concentrada, Empatia, Comunicação Assertiva",Demonstra facilidade em lidar com público diverso.,9.2,05407-002,5x2 Comercial,Teixeira - EI - Unidade 5
VIG-10233,Alícia Silveira,537.***.***-10,2027-07-25,Grandes Eventos,"Perfil Analítico, Inteligência Emocional, Pontualidade Extrema, Atenção Concentrada, Liderança de Equipe, Trabalho sob Pressão",Profissional muito elogiado pelo cliente.,8.8,01013-001,12x36 Dia,Ribeiro - Unidade 3
VIG-10234,Sr. Pedro Nogueira,509.***.***-99,2026-02-18,"Transporte de Valores, Segurança Pessoal (VSPP)","Discrição, Liderança de Equipe, Perfil Analítico, Atenção Concentrada, Empatia, Inteligência Emocional",Excelente pontualidade e assiduidade.,7.7,01310-100,12x36 Dia,Carvalho - Unidade 4
VIG-10235,Marina Azevedo,165.***.***-05,2025-06-06,"Segurança Pessoal (VSPP), Grandes Eventos, Escolta Armada","Liderança de Equipe, Discrição, Comunicação Assertiva, Trabalho sob Pressão, Empatia, Resolução de Conflitos",Profissional muito elogiado pelo cliente.,8.6,05407-002,12x36 Noite,Lima - Unidade 2
VIG-10236,Luan Costa,730.***.***-17,2026-10-27,"Segurança Pessoal (VSPP), Monitoramento de CFTV, Vigilância Patrimonial","Atenção Concentrada, Perfil Analítico",Demonstra facilidade em lidar com público diverso.,7.8,04794-000,12x36 Noite,Duarte - EI - Unidade 1
VIG-10237,Srta. Maya Leão,617.***.***-76,2028-03-17,"Monitoramento de CFTV, Vigilância Patrimonial","Proatividade, Discrição, Inteligência Emocional, Empatia, Liderança de Equipe",Excelente pontualidade e assiduidade.,9.9,04801-010,12x36 Dia,Vargas - Unidade 6
VIG-10238,Maria Luiza Borges,724.***.***-04,2027-04-09,"Segurança Pessoal (VSPP), Vigilância Patrimonial","Pontualidade Extrema, Trabalho sob Pressão, Liderança de Equipe, Empatia, Discrição, Atenção Concentrada",Possui postura exemplar e uniforme sempre impecável.,9.2,01310-100,12x36 Dia,da Rocha Ltda. - Unidade 9
VIG-10239,Davi Azevedo,579.***.***-19,2026-03-24,Monitoramento de CFTV,"Proatividade, Trabalho sob Pressão, Inteligência Emocional, Comunicação Assertiva, Perfil Analítico, Discrição","Focado e observador, antecipa riscos no perímetro.",8.4,04794-000,12x36 Dia,Martins S.A. - Unidade 9
VIG-10240,Gabriela Barros,362.***.***-80,2027-07-08,"Vigilância Patrimonial, Grandes Eventos, Escolta Armada","Atenção Concentrada, Pontualidade Extrema",Excelente pontualidade e assiduidade.,7.7,01202-001,12x36 Noite,Gonçalves - Unidade 9
VIG-10241,Sra. Elisa Câmara,108.***.***-78,2027-10-26,Grandes Eventos,"Discrição, Pontualidade Extrema, Empatia","Focado e observador, antecipa riscos no perímetro.",9.2,01310-100,12x36 Dia,Monteiro - Unidade 10
VIG-10242,Sra. Amanda Monteiro,763.***.***-80,2025-11-30,"Grandes Eventos, Monitoramento de CFTV","Liderança de Equipe, Trabalho sob Pressão","Focado e observador, antecipa riscos no perímetro.",6.6,04794-000,12x36 Noite,Lima Peixoto Ltda. - Unidade 10
VIG-10243,Lucca Silveira,451.***.***-60,2025-07-23,"Transporte de Valores, Segurança Pessoal (VSPP), Grandes Eventos","Resolução de Conflitos, Discrição, Trabalho sob Pressão, Inteligência Emocional, Comunicação Assertiva",Possui postura exemplar e uniforme sempre impecável.,7.5,05407-002,12x36 Dia,Nascimento - Unidade 2
VIG-10244,Ravy Monteiro,892.***.***-83,2026-09-29,"Monitoramento de CFTV, Escolta Armada, Transporte de Valores","Proatividade, Atenção Concentrada",Excelente pontualidade e assiduidade.,8.6,01001-000,12x36 Dia,Peixoto - ME - Unidade 6
VIG-10245,Aylla Araújo,854.***.***-33,2026-09-12,"Grandes Eventos, Segurança Pessoal (VSPP)","Trabalho sob Pressão, Empatia, Atenção Concentrada","Focado e observador, antecipa riscos no perímetro.",9.9,04801-010,12x36 Noite,da Mata - Unidade 8
VIG-10246,Sr. Danilo Moura,410.***.***-94,2025-05-03,Vigilância Patrimonial,"Discrição, Trabalho sob Pressão",Profissional muito elogiado pelo cliente.,10.0,01013-001,5x2 Comercial,Brito - Unidade 2
VIG-10247,Eduardo Freitas,627.***.***-03,2025-04-17,"Grandes Eventos, Transporte de Valores","Perfil Analítico, Discrição, Liderança de Equipe, Atenção Concentrada, Pontualidade Extrema",Possui postura exemplar e uniforme sempre impecável.,6.8,04801-010,12x36 Noite,Oliveira Siqueira S.A. - Unidade 3
VIG-10248,Larissa Pimenta,691.***.***-96,2026-05-16,Escolta Armada,"Comunicação Assertiva, Trabalho sob Pressão, Empatia, Atenção Concentrada",Demonstra facilidade em lidar com público diverso.,7.1,04794-000,12x36 Noite,Cavalcante Azevedo S/A - Unidade 4
VIG-10249,Vicente Viana,071.***.***-96,2027-02-10,Transporte de Valores,"Inteligência Emocional, Resolução de Conflitos, Empatia","Focado e observador, antecipa riscos no perímetro.",9.3,01202-001,12x36 Noite,Casa Grande - Unidade 9
VIG-10250,Sr. Kevin Cirino,045.***.***-34,2025-10-15,"Segurança Pessoal (VSPP), Transporte de Valores, Vigilância Patrimonial","Liderança de Equipe, Perfil Analítico, Pontualidade Extrema","Focado e observador, antecipa riscos no perímetro.",8.0,04801-010,12x36 Dia,da Cruz - EI - Unidade 2
VIG-10251,Dom Fogaça,691.***.***-04,2027-04-10,Escolta Armada,"Trabalho sob Pressão, Proatividade, Liderança de Equipe",Profissional muito elogiado pelo cliente.,9.7,08410-000,5x2 Comercial,Pacheco Novaes e Filhos - Unidade 6
VIG-10252,Gustavo Marques,894.***.***-02,2025-12-14,"Escolta Armada, Grandes Eventos, Monitoramento de CFTV","Liderança de Equipe, Proatividade, Empatia, Resolução de Conflitos","Focado e observador, antecipa riscos no perímetro.",7.7,01013-001,12x36 Dia,Siqueira - Unidade 9
VIG-10253,Thiago Silva,194.***.***-55,2026-11-05,"Grandes Eventos, Monitoramento de CFTV","Atenção Concentrada, Discrição, Proatividade, Resolução de Conflitos",Profissional muito elogiado pelo cliente.,9.2,02011-000,5x2 Comercial,Montenegro - ME - Unidade 9
VIG-10254,Asafe Correia,351.***.***-20,2026-07-25,"Segurança Pessoal (VSPP), Vigilância Patrimonial","Inteligência Emocional, Comunicação Assertiva, Pontualidade Extrema",Profissional muito elogiado pelo cliente.,7.2,01001-000,12x36 Dia,Sales Abreu S/A - Unidade 7
VIG-10255,Brayan Souza,246.***.***-62,2025-06-13,Grandes Eventos,"Discrição, Resolução de Conflitos, Comunicação Assertiva, Trabalho sob Pressão, Proatividade, Atenção Concentrada",Possui postura exemplar e uniforme sempre impecável.,9.6,08410-000,12x36 Noite,Pastor - Unidade 9
VIG-10256,Igor Campos,167.***.***-73,2025-06-23,Grandes Eventos,"Empatia, Liderança de Equipe",Possui postura exemplar e uniforme sempre impecável.,7.6,01001-000,5x2 Comercial,da Mota - Unidade 3
VIG-10257,Melissa Moura,098.***.***-69,2026-11-25,"Segurança Pessoal (VSPP), Monitoramento de CFTV","Empatia, Comunicação Assertiva, Inteligência Emocional, Atenção Concentrada, Pontualidade Extrema",Profissional muito elogiado pelo cliente.,7.1,08410-000,12x36 Noite,Borges da Mota e Filhos - Unidade 4
VIG-10258,Isis Mendonça,579.***.***-39,2026-03-20,Vigilância Patrimonial,"Atenção Concentrada, Liderança de Equipe, Empatia, Trabalho sob Pressão",Demonstra facilidade em lidar com público diverso.,9.3,04794-000,12x36 Noite,Peixoto Viana S.A. - Unidade 4
VIG-10259,Caio Siqueira,149.***.***-23,2027-05-03,Transporte de Valores,"Liderança de Equipe, Perfil Analítico, Atenção Concentrada, Comunicação Assertiva, Resolução de Conflitos",Demonstra facilidade em lidar com público diverso.,6.5,04794-000,12x36 Noite,Freitas - Unidade 7
VIG-10260,Manuella Barros,273.***.***-28,2026-04-29,"Escolta Armada, Segurança Pessoal (VSPP), Grandes Eventos","Empatia, Liderança de Equipe",Possui postura exemplar e uniforme sempre impecável.,7.9,01001-000,5x2 Comercial,Ramos - Unidade 5
VIG-10261,Rodrigo Ribeiro,731.***.***-79,2025-05-13,Grandes Eventos,"Discrição, Liderança de Equipe, Resolução de Conflitos",Profissional muito elogiado pelo cliente.,6.8,01013-001,12x36 Noite,Melo Montenegro Ltda. - Unidade 7
VIG-10262,Vinicius Rezende,784.***.***-07,2028-03-14,"Transporte de Valores, Segurança Pessoal (VSPP), Vigilância Patrimonial","Trabalho sob Pressão, Pontualidade Extrema",Possui postura exemplar e uniforme sempre impecável.,7.7,08410-000,12x36 Dia,da Rocha - Unidade 2
VIG-10263,Erick Moura,164.***.***-49,2026-06-21,"Monitoramento de CFTV, Grandes Eventos","Perfil Analítico, Atenção Concentrada, Inteligência Emocional, Discrição",Demonstra facilidade em lidar com público diverso.,7.4,02011-000,12x36 Dia,Siqueira Pinto - ME - Unidade 6
VIG-10264,Heloísa Azevedo,572.***.***-02,2026-01-21,"Escolta Armada, Vigilância Patrimonial, Grandes Eventos","Empatia, Proatividade, Comunicação Assertiva, Resolução de Conflitos",Possui postura exemplar e uniforme sempre impecável.,8.0,01001-000,12x36 Noite,Rios S/A - Unidade 2
VIG-10265,Sra. Nicole Castro,190.***.***-25,2026-02-14,"Monitoramento de CFTV, Escolta Armada, Vigilância Patrimonial","Perfil Analítico, Resolução de Conflitos, Trabalho sob Pressão, Discrição, Pontualidade Extrema, Atenção Concentrada",Possui postura exemplar e uniforme sempre impecável.,9.8,08410-000,12x36 Noite,Cirino - Unidade 10
VIG-10266,Maria Vitória Casa Grande,504.***.***-70,2026-04-22,Transporte de Valores,"Trabalho sob Pressão, Empatia, Perfil Analítico, Proatividade, Liderança de Equipe",Demonstra facilidade em lidar com público diverso.,6.5,08410-000,12x36 Noite,Carvalho - Unidade 2
VIG-10267,Luigi Albuquerque,736.***.***-03,2026-12-20,Vigilância Patrimonial,"Inteligência Emocional, Resolução de Conflitos, Discrição, Pontualidade Extrema, Proatividade, Empatia",Profissional muito elogiado pelo cliente.,7.9,01013-001,12x36 Noite,da Mota Moraes - ME - Unidade 5
VIG-10268,Srta. Heloisa Viana,096.***.***-22,2025-09-20,"Vigilância Patrimonial, Grandes Eventos, Transporte de Valores","Pontualidade Extrema, Discrição, Inteligência Emocional, Resolução de Conflitos, Comunicação Assertiva",Excelente pontualidade e assiduidade.,7.1,08410-000,5x2 Comercial,Lima - Unidade 5
VIG-10269,Arthur Gabriel da Cunha,573.***.***-88,2026-07-07,Segurança Pessoal (VSPP),"Perfil Analítico, Empatia, Resolução de Conflitos, Inteligência Emocional",Demonstra facilidade em lidar com público diverso.,9.3,01310-100,5x2 Comercial,Guerra - Unidade 10
VIG-10270,Luiz Gustavo da Rosa,152.***.***-24,2026-08-06,"Transporte de Valores, Grandes Eventos","Liderança de Equipe, Comunicação Assertiva",Excelente pontualidade e assiduidade.,8.0,04801-010,12x36 Noite,Vargas - ME - Unidade 9
VIG-10271,João Miguel Ribeiro,483.***.***-19,2026-10-27,"Transporte de Valores, Monitoramento de CFTV","Proatividade, Empatia, Discrição, Resolução de Conflitos, Inteligência Emocional",Excelente pontualidade e assiduidade.,8.5,04801-010,5x2 Comercial,Rocha - Unidade 10
VIG-10272,Dr. Yuri Lima,690.***.***-00,2027-01-28,Grandes Eventos,"Pontualidade Extrema, Liderança de Equipe, Proatividade","Focado e observador, antecipa riscos no perímetro.",9.4,05407-002,5x2 Comercial,da Conceição - Unidade 2
VIG-10273,Dr. João Guilherme Teixeira,463.***.***-56,2026-06-22,"Vigilância Patrimonial, Monitoramento de CFTV","Resolução de Conflitos, Atenção Concentrada, Pontualidade Extrema",Excelente pontualidade e assiduidade.,7.2,01013-001,12x36 Dia,Vieira - EI - Unidade 6
VIG-10274,Sabrina Jesus,405.***.***-14,2027-02-07,"Monitoramento de CFTV, Transporte de Valores","Inteligência Emocional, Empatia",Possui postura exemplar e uniforme sempre impecável.,7.0,08410-000,5x2 Comercial,Pires S.A. - Unidade 3
VIG-10275,Aylla Casa Grande,649.***.***-34,2026-03-21,Monitoramento de CFTV,"Atenção Concentrada, Perfil Analítico, Trabalho sob Pressão, Comunicação Assertiva, Inteligência Emocional",Profissional muito elogiado pelo cliente.,8.3,04801-010,12x36 Dia,Farias - Unidade 10
VIG-10276,Nina Sales,245.***.***-08,2027-04-07,"Transporte de Valores, Escolta Armada, Vigilância Patrimonial","Empatia, Liderança de Equipe, Resolução de Conflitos, Comunicação Assertiva",Profissional muito elogiado pelo cliente.,7.6,01310-100,5x2 Comercial,Mendonça - Unidade 4
VIG-10277,Sra. Isabelly Silva,681.***.***-62,2026-09-17,"Escolta Armada, Segurança Pessoal (VSPP)","Atenção Concentrada, Liderança de Equipe, Trabalho sob Pressão",Possui postura exemplar e uniforme sempre impecável.,9.8,02011-000,12x36 Noite,Cirino S.A. - Unidade 9
VIG-10278,Juan Dias,041.***.***-17,2026-12-09,Monitoramento de CFTV,"Empatia, Pontualidade Extrema, Trabalho sob Pressão, Comunicação Assertiva",Demonstra facilidade em lidar com público diverso.,7.6,01310-100,12x36 Dia,da Luz S/A - Unidade 4
VIG-10279,Sr. Carlos Eduardo Brito,148.***.***-39,2027-12-06,"Vigilância Patrimonial, Transporte de Valores","Trabalho sob Pressão, Comunicação Assertiva, Perfil Analítico, Proatividade, Pontualidade Extrema, Resolução de Conflitos",Profissional muito elogiado pelo cliente.,7.4,04801-010,5x2 Comercial,Pimenta - Unidade 2
VIG-10280,Helena Gonçalves,320.***.***-05,2027-10-04,Grandes Eventos,"Comunicação Assertiva, Liderança de Equipe","Focado e observador, antecipa riscos no perímetro.",7.0,01001-000,5x2 Comercial,Ribeiro e Filhos - Unidade 9
VIG-10281,Dr. Luan Fogaça,105.***.***-89,2026-03-09,"Escolta Armada, Monitoramento de CFTV, Vigilância Patrimonial","Comunicação Assertiva, Atenção Concentrada, Trabalho sob Pressão, Discrição",Possui postura exemplar e uniforme sempre impecável.,9.4,01202-001,12x36 Dia,Cirino e Filhos - Unidade 6
VIG-10282,Isabel Martins,021.***.***-69,2026-04-28,Escolta Armada,"Trabalho sob Pressão, Comunicação Assertiva, Proatividade, Discrição",Possui postura exemplar e uniforme sempre impecável.,9.5,08410-000,5x2 Comercial,Rios - Unidade 7
VIG-10283,Joaquim Montenegro,301.***.***-52,2025-06-30,Escolta Armada,"Liderança de Equipe, Pontualidade Extrema, Trabalho sob Pressão, Proatividade, Discrição",Demonstra facilidade em lidar com público diverso.,8.4,05407-002,12x36 Noite,Rodrigues da Mata S.A. - Unidade 6
VIG-10284,Dra. Julia Teixeira,785.***.***-44,2026-04-24,"Segurança Pessoal (VSPP), Vigilância Patrimonial","Resolução de Conflitos, Empatia","Focado e observador, antecipa riscos no perímetro.",7.2,02011-000,5x2 Comercial,Borges Dias - EI - Unidade 2
VIG-10285,Sr. Benjamim Siqueira,730.***.***-47,2025-07-24,"Monitoramento de CFTV, Vigilância Patrimonial","Proatividade, Discrição, Comunicação Assertiva, Pontualidade Extrema, Inteligência Emocional, Atenção Concentrada",Profissional muito elogiado pelo cliente.,8.7,01310-100,12x36 Noite,Moreira Carvalho S.A. - Unidade 5
VIG-10286,Sr. Brayan Novaes,367.***.***-00,2025-05-16,"Grandes Eventos, Vigilância Patrimonial","Proatividade, Discrição, Inteligência Emocional",Possui postura exemplar e uniforme sempre impecável.,8.6,08410-000,5x2 Comercial,Almeida - Unidade 4
VIG-10287,Otávio Duarte,632.***.***-92,2027-01-11,"Vigilância Patrimonial, Transporte de Valores, Monitoramento de CFTV","Liderança de Equipe, Perfil Analítico, Trabalho sob Pressão, Discrição, Atenção Concentrada","Focado e observador, antecipa riscos no perímetro.",9.8,02011-000,12x36 Noite,da Paz da Mota - ME - Unidade 2
VIG-10288,Raul Moraes,450.***.***-16,2028-03-01,Escolta Armada,"Atenção Concentrada, Proatividade","Focado e observador, antecipa riscos no perímetro.",7.3,02011-000,12x36 Noite,Vargas Carvalho Ltda. - Unidade 7
VIG-10289,Olívia Cunha,186.***.***-07,2028-01-17,Monitoramento de CFTV,"Liderança de Equipe, Trabalho sob Pressão, Resolução de Conflitos",Possui postura exemplar e uniforme sempre impecável.,9.9,04801-010,12x36 Noite,Mendes - Unidade 4
VIG-10290,Arthur Miguel Moura,065.***.***-62,2025-10-18,"Monitoramento de CFTV, Vigilância Patrimonial","Perfil Analítico, Pontualidade Extrema, Discrição, Proatividade, Liderança de Equipe, Trabalho sob Pressão",Demonstra facilidade em lidar com público diverso.,7.4,01310-100,12x36 Dia,Mendes Rocha Ltda. - Unidade 2
VIG-10291,Srta. Alícia Novaes,560.***.***-34,2026-09-09,"Segurança Pessoal (VSPP), Vigilância Patrimonial","Liderança de Equipe, Empatia, Pontualidade Extrema, Inteligência Emocional, Discrição","Focado e observador, antecipa riscos no perímetro.",7.2,01310-100,12x36 Dia,Porto Marques Ltda. - Unidade 10
VIG-10292,Thomas Pimenta,483.***.***-50,2026-01-03,"Transporte de Valores, Escolta Armada","Atenção Concentrada, Comunicação Assertiva, Liderança de Equipe, Inteligência Emocional, Trabalho sob Pressão, Discrição",Demonstra facilidade em lidar com público diverso.,7.2,02011-000,12x36 Dia,Casa Grande - Unidade 3
VIG-10293,Larissa Câmara,231.***.***-40,2025-11-25,"Grandes Eventos, Transporte de Valores","Liderança de Equipe, Trabalho sob Pressão",Profissional muito elogiado pelo cliente.,9.7,08410-000,5x2 Comercial,da Rosa S/A - Unidade 2
VIG-10294,Caroline Vasconcelos,061.***.***-85,2027-05-16,"Monitoramento de CFTV, Escolta Armada","Atenção Concentrada, Trabalho sob Pressão","Focado e observador, antecipa riscos no perímetro.",7.1,02011-000,5x2 Comercial,da Cruz - Unidade 8
VIG-10295,Isadora Aparecida,017.***.***-23,2026-02-20,Grandes Eventos,"Comunicação Assertiva, Resolução de Conflitos, Atenção Concentrada, Empatia, Inteligência Emocional",Possui postura exemplar e uniforme sempre impecável.,8.1,01013-001,12x36 Noite,Campos - Unidade 7
VIG-10296,Dra. Camila Costela,794.***.***-39,2025-12-19,Vigilância Patrimonial,"Inteligência Emocional, Liderança de Equipe, Comunicação Assertiva","Focado e observador, antecipa riscos no perímetro.",7.1,02011-000,12x36 Dia,Marques S/A - Unidade 8
VIG-10297,Sr. Pedro Montenegro,387.***.***-44,2027-03-02,"Escolta Armada, Grandes Eventos","Comunicação Assertiva, Liderança de Equipe, Pontualidade Extrema",Profissional muito elogiado pelo cliente.,8.1,04794-000,12x36 Dia,Pinto - Unidade 7
VIG-10298,João Miguel Pires,075.***.***-20,2026-09-22,"Escolta Armada, Monitoramento de CFTV","Pontualidade Extrema, Empatia, Proatividade",Profissional muito elogiado pelo cliente.,7.6,04801-010,12x36 Dia,Fogaça S.A. - Unidade 9
VIG-10299,Sra. Luna Correia,249.***.***-52,2026-04-21,Transporte de Valores,"Trabalho sob Pressão, Proatividade, Discrição, Inteligência Emocional",Profissional muito elogiado pelo cliente.,7.2,08410-000,5x2 Comercial,Aparecida Casa Grande e Filhos - Unidade 2
VIG-10300,Pedro Fonseca,063.***.***-12,2027-03-25,"Monitoramento de CFTV, Transporte de Valores, Vigilância Patrimonial","Atenção Concentrada, Discrição, Inteligência Emocional, Comunicação Assertiva",Excelente pontualidade e assiduidade.,7.8,02011-000,12x36 Dia,Moura - Unidade 7
VIG-10301,Carolina Freitas,390.***.***-57,2026-10-30,"Vigilância Patrimonial, Grandes Eventos","Discrição, Inteligência Emocional","Focado e observador, antecipa riscos no perímetro.",6.5,02011-000,12x36 Dia,Cavalcante Mendonça Ltda. - Unidade 4
VIG-10302,Pedro Brito,907.***.***-79,2027-08-31,Transporte de Valores,"Empatia, Proatividade, Liderança de Equipe, Resolução de Conflitos, Trabalho sob Pressão, Comunicação Assertiva",Demonstra facilidade em lidar com público diverso.,7.3,01001-000,12x36 Noite,Fogaça - Unidade 3
VIG-10303,Clara Cassiano,283.***.***-79,2026-08-26,"Transporte de Valores, Grandes Eventos","Trabalho sob Pressão, Proatividade, Empatia, Inteligência Emocional, Atenção Concentrada, Pontualidade Extrema",Excelente pontualidade e assiduidade.,6.6,01013-001,12x36 Noite,Lima - Unidade 2
VIG-10304,Sr. Luiz Henrique Lima,175.***.***-80,2025-08-27,"Grandes Eventos, Segurança Pessoal (VSPP), Monitoramento de CFTV","Pontualidade Extrema, Inteligência Emocional, Liderança de Equipe",Possui postura exemplar e uniforme sempre impecável.,8.6,01202-001,12x36 Dia,Sousa e Filhos - Unidade 2
VIG-10305,Maria Laura Gomes,427.***.***-87,2027-06-18,"Grandes Eventos, Monitoramento de CFTV","Empatia, Discrição, Trabalho sob Pressão, Liderança de Equipe","Focado e observador, antecipa riscos no perímetro.",6.5,01013-001,5x2 Comercial,Leão - Unidade 7
VIG-10306,Brenda das Neves,895.***.***-94,2027-08-02,Grandes Eventos,"Perfil Analítico, Pontualidade Extrema, Liderança de Equipe, Discrição, Trabalho sob Pressão",Demonstra facilidade em lidar com público diverso.,9.9,01013-001,5x2 Comercial,Costela - Unidade 9
VIG-10307,Anna Liz Souza,215.***.***-49,2027-07-30,"Grandes Eventos, Segurança Pessoal (VSPP), Transporte de Valores","Perfil Analítico, Proatividade, Liderança de Equipe, Resolução de Conflitos, Comunicação Assertiva, Trabalho sob Pressão",Possui postura exemplar e uniforme sempre impecável.,8.2,04794-000,12x36 Dia,Macedo - Unidade 6
VIG-10308,Ísis Rezende,948.***.***-60,2026-05-11,"Escolta Armada, Monitoramento de CFTV, Segurança Pessoal (VSPP)","Comunicação Assertiva, Liderança de Equipe, Discrição, Proatividade, Inteligência Emocional, Resolução de Conflitos",Demonstra facilidade em lidar com público diverso.,8.4,01415-000,12x36 Dia,Aparecida Mendes - ME - Unidade 1
VIG-10309,Lorenzo Moraes,103.***.***-10,2026-05-18,"Transporte de Valores, Escolta Armada","Trabalho sob Pressão, Perfil Analítico","Focado e observador, antecipa riscos no perímetro.",7.4,05407-002,5x2 Comercial,Alves Santos Ltda. - Unidade 4
VIG-10310,Isaque Sá,742.***.***-43,2026-04-25,"Escolta Armada, Segurança Pessoal (VSPP), Monitoramento de CFTV","Discrição, Trabalho sob Pressão","Focado e observador, antecipa riscos no perímetro.",7.6,04801-010,5x2 Comercial,da Rosa - EI - Unidade 9
VIG-10311,Isaque da Rocha,163.***.***-39,2026-10-23,Transporte de Valores,"Discrição, Resolução de Conflitos, Comunicação Assertiva, Pontualidade Extrema, Empatia","Focado e observador, antecipa riscos no perímetro.",7.7,01013-001,5x2 Comercial,Fogaça S.A. - Unidade 4
VIG-10312,Yan Peixoto,708.***.***-13,2026-01-05,"Vigilância Patrimonial, Transporte de Valores, Grandes Eventos","Liderança de Equipe, Empatia",Excelente pontualidade e assiduidade.,9.1,04801-010,12x36 Noite,Porto - Unidade 4
VIG-10313,Ana Freitas,196.***.***-06,2028-02-24,"Grandes Eventos, Transporte de Valores, Segurança Pessoal (VSPP)","Trabalho sob Pressão, Perfil Analítico, Proatividade, Atenção Concentrada, Inteligência Emocional, Comunicação Assertiva",Profissional muito elogiado pelo cliente.,8.5,01001-000,12x36 Noite,Marques - Unidade 5
VIG-10314,Eloah Rodrigues,217.***.***-69,2027-03-03,"Transporte de Valores, Vigilância Patrimonial, Grandes Eventos","Comunicação Assertiva, Pontualidade Extrema, Discrição, Perfil Analítico, Liderança de Equipe","Focado e observador, antecipa riscos no perímetro.",6.6,02011-000,5x2 Comercial,Caldeira Ltda. - Unidade 1
VIG-10315,Mateus Cunha,261.***.***-26,2025-09-12,"Segurança Pessoal (VSPP), Grandes Eventos, Monitoramento de CFTV","Trabalho sob Pressão, Resolução de Conflitos, Liderança de Equipe, Proatividade",Possui postura exemplar e uniforme sempre impecável.,9.5,04801-010,12x36 Dia,Câmara Montenegro - EI - Unidade 6
VIG-10316,João Pedro da Rosa,735.***.***-68,2027-03-16,"Transporte de Valores, Vigilância Patrimonial, Segurança Pessoal (VSPP)","Inteligência Emocional, Atenção Concentrada, Perfil Analítico",Demonstra facilidade em lidar com público diverso.,9.7,04801-010,5x2 Comercial,da Mota - Unidade 9
VIG-10317,Srta. Milena Abreu,653.***.***-75,2026-04-07,"Transporte de Valores, Vigilância Patrimonial","Empatia, Inteligência Emocional, Proatividade, Perfil Analítico",Possui postura exemplar e uniforme sempre impecável.,7.8,02011-000,5x2 Comercial,Santos da Cruz - EI - Unidade 4
VIG-10318,Erick Ferreira,819.***.***-60,2027-07-25,Vigilância Patrimonial,"Resolução de Conflitos, Perfil Analítico",Excelente pontualidade e assiduidade.,7.6,08410-000,5x2 Comercial,Costela - Unidade 5
VIG-10319,Lunna Cunha,985.***.***-37,2027-04-15,Grandes Eventos,"Liderança de Equipe, Comunicação Assertiva, Atenção Concentrada, Discrição, Pontualidade Extrema",Profissional muito elogiado pelo cliente.,9.3,04801-010,12x36 Dia,da Conceição - Unidade 9
VIG-10320,Lucas Gabriel Silveira,205.***.***-83,2026-02-16,"Monitoramento de CFTV, Escolta Armada, Segurança Pessoal (VSPP)","Proatividade, Discrição, Perfil Analítico",Excelente pontualidade e assiduidade.,6.5,01013-001,5x2 Comercial,Pires da Cunha e Filhos - Unidade 4
VIG-10321,Ravi Lucca Moura,186.***.***-77,2025-05-14,"Monitoramento de CFTV, Vigilância Patrimonial","Inteligência Emocional, Liderança de Equipe, Perfil Analítico, Empatia, Atenção Concentrada, Comunicação Assertiva",Possui postura exemplar e uniforme sempre impecável.,9.1,08410-000,12x36 Dia,Melo - Unidade 6
VIG-10322,André Novais,791.***.***-13,2027-05-13,"Transporte de Valores, Vigilância Patrimonial, Monitoramento de CFTV","Trabalho sob Pressão, Atenção Concentrada, Empatia, Proatividade, Resolução de Conflitos, Liderança de Equipe",Demonstra facilidade em lidar com público diverso.,6.7,04801-010,5x2 Comercial,Porto - Unidade 5
VIG-10323,Benjamin Leão,947.***.***-87,2025-11-08,"Transporte de Valores, Segurança Pessoal (VSPP)","Pontualidade Extrema, Resolução de Conflitos, Discrição, Comunicação Assertiva",Demonstra facilidade em lidar com público diverso.,8.4,08410-000,12x36 Dia,Cardoso - Unidade 10
VIG-10324,Ester Cavalcante,502.***.***-07,2028-02-11,"Escolta Armada, Segurança Pessoal (VSPP)","Resolução de Conflitos, Inteligência Emocional, Pontualidade Extrema, Perfil Analítico",Demonstra facilidade em lidar com público diverso.,8.0,05407-002,5x2 Comercial,Correia - Unidade 5
VIG-10325,Cecilia Araújo,316.***.***-10,2026-11-21,Transporte de Valores,"Perfil Analítico, Inteligência Emocional, Discrição, Proatividade, Trabalho sob Pressão, Pontualidade Extrema",Profissional muito elogiado pelo cliente.,7.3,04801-010,5x2 Comercial,Correia - Unidade 3
VIG-10326,Dr. Enzo Cardoso,253.***.***-40,2026-01-24,"Grandes Eventos, Monitoramento de CFTV, Segurança Pessoal (VSPP)","Inteligência Emocional, Proatividade, Empatia, Resolução de Conflitos","Focado e observador, antecipa riscos no perímetro.",7.8,02011-000,12x36 Noite,Moraes - ME - Unidade 1
VIG-10327,Luna Vargas,583.***.***-55,2026-11-28,Monitoramento de CFTV,"Discrição, Inteligência Emocional",Possui postura exemplar e uniforme sempre impecável.,7.2,01013-001,12x36 Dia,Pereira Aparecida e Filhos - Unidade 5
VIG-10328,Diego Cunha,174.***.***-41,2026-11-20,Grandes Eventos,"Liderança de Equipe, Proatividade, Perfil Analítico, Empatia",Excelente pontualidade e assiduidade.,8.3,05407-002,5x2 Comercial,Macedo - EI - Unidade 3
VIG-10329,Ana Barbosa,982.***.***-50,2027-02-19,"Monitoramento de CFTV, Grandes Eventos, Vigilância Patrimonial","Liderança de Equipe, Perfil Analítico",Excelente pontualidade e assiduidade.,9.4,01013-001,12x36 Noite,Cassiano S.A. - Unidade 10
VIG-10330,Sra. Evelyn Moreira,923.***.***-41,2026-11-23,"Escolta Armada, Grandes Eventos, Monitoramento de CFTV","Comunicação Assertiva, Inteligência Emocional, Empatia, Atenção Concentrada, Perfil Analítico",Demonstra facilidade em lidar com público diverso.,7.2,01013-001,12x36 Noite,das Neves - Unidade 8
VIG-10331,Hadassa Abreu,524.***.***-07,2025-07-30,Vigilância Patrimonial,"Empatia, Inteligência Emocional, Resolução de Conflitos, Comunicação Assertiva","Focado e observador, antecipa riscos no perímetro.",7.6,02011-000,12x36 Noite,Oliveira e Filhos - Unidade 5
VIG-10332,Carlos Eduardo Gonçalves,907.***.***-78,2027-06-22,"Segurança Pessoal (VSPP), Vigilância Patrimonial","Pontualidade Extrema, Discrição, Empatia, Liderança de Equipe","Focado e observador, antecipa riscos no perímetro.",9.5,01310-100,5x2 Comercial,Vargas S/A - Unidade 3
VIG-10333,Olívia Rocha,764.***.***-09,2025-05-20,"Transporte de Valores, Escolta Armada, Grandes Eventos","Comunicação Assertiva, Pontualidade Extrema",Possui postura exemplar e uniforme sempre impecável.,6.6,01001-000,12x36 Dia,Cardoso - Unidade 6
VIG-10334,Nicole Fogaça,652.***.***-19,2027-08-10,"Vigilância Patrimonial, Escolta Armada, Segurança Pessoal (VSPP)","Discrição, Perfil Analítico, Liderança de Equipe, Empatia",Excelente pontualidade e assiduidade.,9.2,01310-100,12x36 Dia,Farias - Unidade 5
VIG-10335,Laura Brito,890.***.***-11,2028-03-10,"Monitoramento de CFTV, Escolta Armada, Vigilância Patrimonial","Discrição, Atenção Concentrada","Focado e observador, antecipa riscos no perímetro.",8.7,02011-000,12x36 Dia,Montenegro Silva - ME - Unidade 7
VIG-10336,Maria Isis Fernandes,769.***.***-46,2025-04-26,"Segurança Pessoal (VSPP), Vigilância Patrimonial","Empatia, Resolução de Conflitos",Excelente pontualidade e assiduidade.,7.8,01310-100,5x2 Comercial,Monteiro Novaes S.A. - Unidade 5
VIG-10337,Sra. Stella Gonçalves,314.***.***-89,2026-05-27,"Transporte de Valores, Monitoramento de CFTV, Vigilância Patrimonial","Perfil Analítico, Discrição, Inteligência Emocional, Atenção Concentrada",Excelente pontualidade e assiduidade.,6.5,01001-000,12x36 Noite,Sá - Unidade 5
VIG-10338,Vitor Hugo Ramos,693.***.***-10,2026-10-14,Segurança Pessoal (VSPP),"Pontualidade Extrema, Trabalho sob Pressão, Discrição, Resolução de Conflitos, Comunicação Assertiva, Inteligência Emocional",Excelente pontualidade e assiduidade.,6.6,05407-002,12x36 Noite,Moraes - Unidade 6
VIG-10339,Otto Alves,439.***.***-16,2027-04-29,Vigilância Patrimonial,"Empatia, Liderança de Equipe, Discrição, Proatividade","Focado e observador, antecipa riscos no perímetro.",8.8,04794-000,5x2 Comercial,Pimenta - Unidade 4
VIG-10340,Yuri Rodrigues,701.***.***-48,2026-05-26,Transporte de Valores,"Trabalho sob Pressão, Liderança de Equipe, Discrição, Empatia, Comunicação Assertiva","Focado e observador, antecipa riscos no perímetro.",9.6,04794-000,12x36 Dia,Monteiro Fernandes Ltda. - Unidade 8
VIG-10341,Zoe Dias,429.***.***-28,2025-07-22,"Transporte de Valores, Segurança Pessoal (VSPP), Vigilância Patrimonial","Inteligência Emocional, Atenção Concentrada, Proatividade, Comunicação Assertiva",Demonstra facilidade em lidar com público diverso.,7.5,01013-001,5x2 Comercial,Azevedo - Unidade 4
VIG-10342,Sarah Caldeira,395.***.***-29,2025-04-16,"Transporte de Valores, Segurança Pessoal (VSPP), Monitoramento de CFTV","Discrição, Empatia",Profissional muito elogiado pelo cliente.,7.3,01310-100,5x2 Comercial,Macedo - Unidade 6
VIG-10343,Maria Julia Machado,354.***.***-09,2026-10-31,"Transporte de Valores, Segurança Pessoal (VSPP), Monitoramento de CFTV","Perfil Analítico, Pontualidade Extrema",Possui postura exemplar e uniforme sempre impecável.,6.6,01310-100,12x36 Noite,Ribeiro - Unidade 5
VIG-10344,Sophie Pacheco,680.***.***-74,2026-03-18,Transporte de Valores,"Liderança de Equipe, Pontualidade Extrema, Comunicação Assertiva, Empatia",Excelente pontualidade e assiduidade.,9.3,01001-000,5x2 Comercial,Fernandes - Unidade 2
VIG-10345,Rebeca Moraes,348.***.***-15,2025-12-30,"Segurança Pessoal (VSPP), Monitoramento de CFTV","Perfil Analítico, Empatia, Pontualidade Extrema, Trabalho sob Pressão, Liderança de Equipe",Excelente pontualidade e assiduidade.,7.4,01415-000,5x2 Comercial,Fogaça - Unidade 5
VIG-10346,Sr. Ian Fonseca,987.***.***-96,2025-08-16,Vigilância Patrimonial,"Inteligência Emocional, Perfil Analítico, Resolução de Conflitos, Discrição","Focado e observador, antecipa riscos no perímetro.",9.2,01013-001,5x2 Comercial,Almeida e Filhos - Unidade 10
VIG-10347,Ester Abreu,421.***.***-61,2026-04-27,"Monitoramento de CFTV, Transporte de Valores","Resolução de Conflitos, Inteligência Emocional, Empatia, Atenção Concentrada",Demonstra facilidade em lidar com público diverso.,7.1,01013-001,12x36 Dia,Moraes e Filhos - Unidade 9
VIG-10348,Mariana Costela,397.***.***-00,2025-06-06,Vigilância Patrimonial,"Proatividade, Comunicação Assertiva, Trabalho sob Pressão, Pontualidade Extrema, Atenção Concentrada, Resolução de Conflitos",Possui postura exemplar e uniforme sempre impecável.,6.6,05407-002,12x36 Noite,Pereira - Unidade 4
VIG-10349,Melina Duarte,510.***.***-70,2027-06-09,"Segurança Pessoal (VSPP), Monitoramento de CFTV","Inteligência Emocional, Atenção Concentrada","Focado e observador, antecipa riscos no perímetro.",7.3,05407-002,12x36 Noite,Viana - Unidade 2
VIG-10350,Sra. Júlia Lopes,786.***.***-87,2027-01-14,Transporte de Valores,"Proatividade, Resolução de Conflitos, Discrição, Pontualidade Extrema, Liderança de Equipe","Focado e observador, antecipa riscos no perímetro.",8.1,04794-000,5x2 Comercial,Vargas - Unidade 5
VIG-10351,Pedro das Neves,214.***.***-58,2025-09-12,Grandes Eventos,"Pontualidade Extrema, Resolução de Conflitos",Profissional muito elogiado pelo cliente.,6.8,01001-000,12x36 Noite,Abreu - Unidade 3
VIG-10352,Mariah Pimenta,594.***.***-14,2027-03-10,"Transporte de Valores, Segurança Pessoal (VSPP)","Inteligência Emocional, Empatia, Atenção Concentrada, Discrição",Profissional muito elogiado pelo cliente.,7.9,04794-000,12x36 Dia,Gonçalves - Unidade 9
VIG-10353,Isabela Albuquerque,162.***.***-44,2027-01-09,Grandes Eventos,"Trabalho sob Pressão, Discrição, Resolução de Conflitos, Liderança de Equipe, Inteligência Emocional",Demonstra facilidade em lidar com público diverso.,7.2,01001-000,5x2 Comercial,Duarte - Unidade 6
VIG-10354,Sara Sousa,738.***.***-03,2027-06-27,Monitoramento de CFTV,"Perfil Analítico, Resolução de Conflitos, Comunicação Assertiva, Atenção Concentrada, Inteligência Emocional, Proatividade",Demonstra facilidade em lidar com público diverso.,8.8,02011-000,5x2 Comercial,Viana - Unidade 10
VIG-10355,Anthony Cavalcante,478.***.***-80,2027-03-30,"Grandes Eventos, Segurança Pessoal (VSPP), Escolta Armada","Perfil Analítico, Discrição",Possui postura exemplar e uniforme sempre impecável.,8.6,01415-000,12x36 Noite,Viana S.A. - Unidade 7
VIG-10356,Sra. Maria Julia Fernandes,925.***.***-95,2027-01-01,"Vigilância Patrimonial, Grandes Eventos, Segurança Pessoal (VSPP)","Atenção Concentrada, Trabalho sob Pressão, Inteligência Emocional, Proatividade",Profissional muito elogiado pelo cliente.,9.1,01310-100,5x2 Comercial,Vieira - Unidade 8
VIG-10357,Luiz Otávio Novaes,617.***.***-44,2027-09-30,Monitoramento de CFTV,"Discrição, Proatividade, Liderança de Equipe, Pontualidade Extrema, Comunicação Assertiva, Resolução de Conflitos",Possui postura exemplar e uniforme sempre impecável.,8.5,01415-000,12x36 Dia,Carvalho Machado - ME - Unidade 5
VIG-10358,Antonella Machado,567.***.***-28,2025-09-10,Escolta Armada,"Empatia, Resolução de Conflitos, Atenção Concentrada, Comunicação Assertiva, Trabalho sob Pressão",Demonstra facilidade em lidar com público diverso.,8.1,01013-001,12x36 Noite,Moura - Unidade 8
VIG-10359,Sra. Yasmin Mendes,865.***.***-02,2026-02-07,"Escolta Armada, Grandes Eventos, Vigilância Patrimonial","Trabalho sob Pressão, Liderança de Equipe, Atenção Concentrada",Possui postura exemplar e uniforme sempre impecável.,8.7,01013-001,12x36 Noite,Santos - Unidade 7
VIG-10360,Isaque Casa Grande,750.***.***-10,2025-11-11,"Transporte de Valores, Grandes Eventos","Pontualidade Extrema, Empatia, Liderança de Equipe, Trabalho sob Pressão, Perfil Analítico",Profissional muito elogiado pelo cliente.,8.8,01310-100,12x36 Noite,Porto - Unidade 2
VIG-10361,Emanuelly Ribeiro,850.***.***-49,2026-11-09,Grandes Eventos,"Trabalho sob Pressão, Resolução de Conflitos, Inteligência Emocional",Excelente pontualidade e assiduidade.,8.7,04794-000,12x36 Noite,Nogueira - EI - Unidade 4
VIG-10362,Maria Isis Ferreira,019.***.***-50,2025-05-18,"Vigilância Patrimonial, Grandes Eventos","Perfil Analítico, Proatividade, Pontualidade Extrema",Excelente pontualidade e assiduidade.,9.9,08410-000,12x36 Noite,Monteiro - Unidade 10
VIG-10363,Francisco Mendonça,056.***.***-93,2026-05-11,"Grandes Eventos, Vigilância Patrimonial","Resolução de Conflitos, Pontualidade Extrema, Comunicação Assertiva, Inteligência Emocional, Proatividade",Profissional muito elogiado pelo cliente.,8.5,01415-000,12x36 Noite,Sousa - Unidade 8
VIG-10364,João Gabriel Melo,072.***.***-26,2026-07-06,Segurança Pessoal (VSPP),"Liderança de Equipe, Empatia",Demonstra facilidade em lidar com público diverso.,9.5,01001-000,12x36 Noite,Cardoso - Unidade 5
VIG-10365,Thiago Gomes,170.***.***-52,2027-03-19,"Transporte de Valores, Vigilância Patrimonial","Discrição, Trabalho sob Pressão",Profissional muito elogiado pelo cliente.,9.9,04801-010,12x36 Dia,Carvalho - Unidade 6
VIG-10366,Rebeca Aparecida,693.***.***-00,2026-12-06,"Escolta Armada, Segurança Pessoal (VSPP)","Pontualidade Extrema, Perfil Analítico, Empatia, Inteligência Emocional, Resolução de Conflitos",Profissional muito elogiado pelo cliente.,8.6,04794-000,12x36 Dia,Fonseca Dias - ME - Unidade 2
VIG-10367,Sra. Júlia Nascimento,461.***.***-62,2026-12-29,"Vigilância Patrimonial, Escolta Armada","Discrição, Proatividade, Perfil Analítico, Liderança de Equipe, Resolução de Conflitos, Pontualidade Extrema",Profissional muito elogiado pelo cliente.,9.0,04794-000,5x2 Comercial,Montenegro Vieira - EI - Unidade 4
VIG-10368,Eduarda Ramos,840.***.***-04,2027-09-01,Escolta Armada,"Proatividade, Empatia, Comunicação Assertiva, Trabalho sob Pressão, Perfil Analítico, Resolução de Conflitos",Excelente pontualidade e assiduidade.,9.9,01310-100,12x36 Noite,Almeida S/A - Unidade 9
VIG-10369,Paulo Silva,412.***.***-03,2026-07-14,"Transporte de Valores, Escolta Armada, Segurança Pessoal (VSPP)","Atenção Concentrada, Empatia, Liderança de Equipe, Pontualidade Extrema, Resolução de Conflitos, Proatividade",Possui postura exemplar e uniforme sempre impecável.,9.7,04801-010,12x36 Dia,Vargas Ltda. - Unidade 6
VIG-10370,Isabella da Cunha,894.***.***-50,2027-01-25,Transporte de Valores,"Comunicação Assertiva, Pontualidade Extrema, Empatia",Profissional muito elogiado pelo cliente.,9.1,01013-001,12x36 Dia,Montenegro - Unidade 6
VIG-10371,Ravi Lucca Farias,750.***.***-61,2026-05-30,Transporte de Valores,"Perfil Analítico, Empatia",Excelente pontualidade e assiduidade.,6.9,01001-000,5x2 Comercial,Lima - Unidade 3
VIG-10372,Maria Sophia Jesus,190.***.***-86,2026-10-10,"Segurança Pessoal (VSPP), Grandes Eventos","Comunicação Assertiva, Atenção Concentrada, Discrição, Inteligência Emocional, Resolução de Conflitos",Possui postura exemplar e uniforme sempre impecável.,7.6,01001-000,5x2 Comercial,Garcia Teixeira S.A. - Unidade 4
VIG-10373,João Miguel Oliveira,940.***.***-75,2027-02-13,"Transporte de Valores, Monitoramento de CFTV","Atenção Concentrada, Perfil Analítico, Trabalho sob Pressão, Liderança de Equipe",Excelente pontualidade e assiduidade.,7.0,08410-000,12x36 Noite,Vasconcelos - EI - Unidade 4
VIG-10374,Luiz Henrique Fernandes,837.***.***-53,2027-06-12,"Vigilância Patrimonial, Grandes Eventos","Atenção Concentrada, Proatividade, Comunicação Assertiva, Liderança de Equipe",Profissional muito elogiado pelo cliente.,9.5,02011-000,12x36 Dia,Abreu Almeida S/A - Unidade 3
VIG-10375,Marcos Vinicius Oliveira,380.***.***-14,2026-11-05,"Vigilância Patrimonial, Segurança Pessoal (VSPP)","Pontualidade Extrema, Inteligência Emocional",Profissional muito elogiado pelo cliente.,9.8,01202-001,12x36 Noite,da Conceição - Unidade 3
VIG-10376,Maria Vitória Brito,782.***.***-49,2026-01-02,"Escolta Armada, Grandes Eventos, Vigilância Patrimonial","Perfil Analítico, Proatividade, Trabalho sob Pressão, Discrição, Pontualidade Extrema",Demonstra facilidade em lidar com público diverso.,9.7,01013-001,5x2 Comercial,da Paz - Unidade 8
VIG-10377,José Oliveira,739.***.***-10,2025-07-10,"Grandes Eventos, Transporte de Valores","Inteligência Emocional, Resolução de Conflitos, Liderança de Equipe, Empatia",Demonstra facilidade em lidar com público diverso.,7.6,01013-001,12x36 Noite,Azevedo - Unidade 9
VIG-10378,João Macedo,437.***.***-69,2028-03-04,"Monitoramento de CFTV, Vigilância Patrimonial","Discrição, Perfil Analítico, Empatia",Demonstra facilidade em lidar com público diverso.,7.6,01202-001,5x2 Comercial,Cardoso - Unidade 10
VIG-10379,Henrique Carvalho,106.***.***-57,2026-10-30,"Monitoramento de CFTV, Segurança Pessoal (VSPP), Escolta Armada","Perfil Analítico, Discrição, Proatividade, Liderança de Equipe, Comunicação Assertiva",Possui postura exemplar e uniforme sempre impecável.,8.1,04801-010,12x36 Noite,Ribeiro - Unidade 1
VIG-10380,Sara Dias,641.***.***-76,2026-04-21,"Transporte de Valores, Escolta Armada","Resolução de Conflitos, Perfil Analítico, Pontualidade Extrema, Trabalho sob Pressão",Profissional muito elogiado pelo cliente.,7.2,02011-000,12x36 Dia,Macedo - EI - Unidade 10
VIG-10381,Benjamin da Mota,054.***.***-07,2026-07-30,"Segurança Pessoal (VSPP), Transporte de Valores, Vigilância Patrimonial","Inteligência Emocional, Proatividade, Pontualidade Extrema",Demonstra facilidade em lidar com público diverso.,9.1,08410-000,12x36 Dia,Correia - EI - Unidade 6
VIG-10382,Hellena Sales,569.***.***-40,2027-09-25,"Escolta Armada, Vigilância Patrimonial, Transporte de Valores","Proatividade, Liderança de Equipe, Resolução de Conflitos, Perfil Analítico, Inteligência Emocional",Possui postura exemplar e uniforme sempre impecável.,9.1,01013-001,12x36 Noite,Almeida Fogaça S.A. - Unidade 1
VIG-10383,Lunna da Mota,240.***.***-70,2026-08-21,Monitoramento de CFTV,"Resolução de Conflitos, Discrição, Perfil Analítico, Atenção Concentrada, Comunicação Assertiva, Empatia",Possui postura exemplar e uniforme sempre impecável.,9.5,04794-000,12x36 Noite,Gomes Ribeiro S.A. - Unidade 4
VIG-10384,Sra. Allana da Cruz,740.***.***-92,2027-04-17,"Transporte de Valores, Segurança Pessoal (VSPP)","Comunicação Assertiva, Trabalho sob Pressão","Focado e observador, antecipa riscos no perímetro.",8.1,05407-002,12x36 Noite,Vieira Vargas - ME - Unidade 6
VIG-10385,Helena Jesus,258.***.***-30,2027-12-26,"Vigilância Patrimonial, Segurança Pessoal (VSPP)","Atenção Concentrada, Resolução de Conflitos, Empatia, Discrição, Liderança de Equipe, Perfil Analítico",Demonstra facilidade em lidar com público diverso.,7.8,05407-002,5x2 Comercial,Sampaio - Unidade 5
VIG-10386,Noah Fonseca,376.***.***-95,2027-12-19,"Transporte de Valores, Grandes Eventos, Escolta Armada","Inteligência Emocional, Proatividade",Excelente pontualidade e assiduidade.,9.0,04801-010,12x36 Dia,Monteiro - Unidade 5
VIG-10387,Emilly da Mota,146.***.***-60,2027-11-18,"Escolta Armada, Segurança Pessoal (VSPP)","Atenção Concentrada, Perfil Analítico",Demonstra facilidade em lidar com público diverso.,6.8,04801-010,12x36 Noite,Montenegro Cavalcanti - ME - Unidade 2
VIG-10388,Dra. Isis Pastor,975.***.***-29,2027-05-06,"Transporte de Valores, Segurança Pessoal (VSPP)","Resolução de Conflitos, Pontualidade Extrema, Discrição, Liderança de Equipe",Demonstra facilidade em lidar com público diverso.,8.2,01202-001,12x36 Dia,da Rocha Siqueira - ME - Unidade 3
VIG-10389,Isaac da Paz,867.***.***-02,2026-02-28,"Grandes Eventos, Monitoramento de CFTV","Proatividade, Perfil Analítico","Focado e observador, antecipa riscos no perímetro.",9.9,05407-002,5x2 Comercial,Souza - Unidade 2
VIG-10390,Dra. Luna Pinto,803.***.***-50,2025-04-11,"Segurança Pessoal (VSPP), Transporte de Valores, Monitoramento de CFTV","Comunicação Assertiva, Liderança de Equipe, Atenção Concentrada, Proatividade, Resolução de Conflitos",Demonstra facilidade em lidar com público diverso.,7.3,01415-000,12x36 Dia,Moreira - Unidade 8
VIG-10391,Sra. Marina Silveira,906.***.***-76,2027-05-08,Monitoramento de CFTV,"Resolução de Conflitos, Liderança de Equipe, Comunicação Assertiva",Excelente pontualidade e assiduidade.,7.0,08410-000,12x36 Noite,Freitas Garcia - ME - Unidade 6
VIG-10392,Rafaela Aragão,036.***.***-40,2027-10-05,"Transporte de Valores, Grandes Eventos","Perfil Analítico, Trabalho sob Pressão",Excelente pontualidade e assiduidade.,9.8,01001-000,12x36 Noite,Rocha - Unidade 5
VIG-10393,Ágatha Barbosa,840.***.***-96,2027-06-15,Transporte de Valores,"Trabalho sob Pressão, Atenção Concentrada, Resolução de Conflitos",Profissional muito elogiado pelo cliente.,7.6,01202-001,12x36 Dia,Vargas - Unidade 9
VIG-10394,Heloísa Sousa,510.***.***-99,2027-10-14,"Grandes Eventos, Escolta Armada","Resolução de Conflitos, Comunicação Assertiva, Empatia, Atenção Concentrada, Discrição",Excelente pontualidade e assiduidade.,6.8,01202-001,12x36 Dia,Montenegro - EI - Unidade 1
VIG-10395,Stella Sousa,518.***.***-14,2026-06-27,"Transporte de Valores, Grandes Eventos","Empatia, Perfil Analítico, Atenção Concentrada","Focado e observador, antecipa riscos no perímetro.",9.2,04794-000,12x36 Noite,Farias - Unidade 9
VIG-10396,Ana Beatriz Monteiro,738.***.***-13,2025-05-09,Monitoramento de CFTV,"Comunicação Assertiva, Trabalho sob Pressão, Pontualidade Extrema, Liderança de Equipe, Discrição, Atenção Concentrada",Possui postura exemplar e uniforme sempre impecável.,8.1,01013-001,5x2 Comercial,Sampaio - Unidade 2
VIG-10397,Lucas Abreu,106.***.***-53,2026-10-16,"Transporte de Valores, Segurança Pessoal (VSPP), Monitoramento de CFTV","Liderança de Equipe, Comunicação Assertiva",Excelente pontualidade e assiduidade.,9.7,08410-000,12x36 Dia,Moraes - Unidade 3
VIG-10398,Zoe Santos,270.***.***-22,2025-11-17,"Monitoramento de CFTV, Transporte de Valores","Perfil Analítico, Trabalho sob Pressão, Discrição",Profissional muito elogiado pelo cliente.,6.9,01001-000,12x36 Dia,Vasconcelos - Unidade 5
VIG-10399,Marcos Vinicius Fernandes,326.***.***-33,2028-02-01,Transporte de Valores,"Discrição, Trabalho sob Pressão, Empatia, Proatividade, Resolução de Conflitos, Liderança de Equipe",Possui postura exemplar e uniforme sempre impecável.,9.5,04794-000,12x36 Dia,Silveira - Unidade 1
